clase	gismu	
Grand Total		
1 Total	jimpe	x_1 は x_2 （命題）を x_3 （題目）について理解する； x_1 は x_3 がわかる
1	jimpe	x_1 は x_2 （命題）を x_3 （題目）について理解する； x_1 は x_3 がわかる
1	morji	x_1 は x_2 （命題）を x_3 （題目）について思い出す／回想する
1	smadi	x_1 は x_2 （命題）を、 x_3 （題目）について推測する
1	facki	x_1 は x_2 （命題）を x_3 （題目）について発見する； x_1 は x_3 （物）を見つける／探し当てる
1	krici	x_1 は x_2 （命題）を x_3 （題目）について信じる
1	sruma	x_1 は x_2 （命題）が x_3 （題目）について本当であると仮定する
1	jijnu	x_1 は x_2 （命題）を x_3 （題目）について直感する／勘づく
1	jdice	x_1 （者）は x_2 （命題）であると x_3 （題目／事）について決める／定める
1	djuno	x_1 は x_2 （命題）・ x_3 （題目）を x_4 （認識体系）で知る
1	jinvi	x_1 は x_2 （命題）・ x_3 （題目）を、 x_4 （根拠）により真であると考える； x_1 は x_2 だと思う
1	cilre	x_1 は x_2 （命題）・ x_3 （題目）を x_4 （情報源）から x_5 （方法）によって習う
1	xusra	x_1 は x_2 （命題）を事実的内容として断言／宣言する
1	birti	x_1 は x_2 （命題）が真であると確信している
1	senpi	x_1 は x_2 （命題）の真実性を疑う； x_2 は信憑性に欠ける
1	pacna	x_1 は x_2 （事）を x_3 （見込み）で希望する／願う； x_2 は望まれている
1	pajni	x_1 は x_2 （事）について審判する／仲裁する
1	tugni	x_1 （者）は x_2 （者／観点／側）にたいし、 x_3 （命題）・ x_4 （題目）について賛成／賛同／同意する
1	ctuca	x_1 は x_2 （生徒／門下生）に x_3 （命題）・ x_4 （題目）を x_5 （方法）で教える
1	darlu	x_1 は x_2 （観点）を x_3 （観点）に対して論理的・倫理的な根拠から擁護／主張する
1	sitna	x_1 は x_2 を x_3 （情報／発言）のために引用／参照する
2 Total	datni	x_1 は x_2 （題目）について x_3 （方法）で得たデータ／情報／統計
2	srana	x_1 は x_2 に関連する／関係がある
2	prosa	x_1 は x_2 （主題）・ x_3 （作者）・ x_4 （読者）の散文
2	cfika	x_1 は x_2 （内容）・ x_3 （著者）のフィクション作品
2	skina	x_1 は x_2 （内容）・ x_3 （制作者）・ x_4 （視聴者）の映画／アニメーション
2	lisri	x_1 は x_2 （題目／筋書／教訓）の、 x_3 （作者）から x_4 （聴者）への物語／説話
2	cukta	x_1 は x_2 （内容）・ x_3 （著者）・ x_4 （読者）・ x_5 （媒体）の本／文献
2	draci	x_1 は x_2 （内容）・ x_3 （作家）・ x_4 （観衆）・ x_5 （役者）の（舞台）劇
2	pemci	x_1 は x_2 （特徴）・ x_3 （作者）・ x_4 （読者）の詩
2	notci	x_1 は x_2 （題目）・ x_3 （作者）・ x_4 （読者）の覚え書き／メッセージ／メモ
2	karni	x_1 は x_2 （内容）・ x_3 （出版者）・ x_4 （読者）の刊行物／雑誌／新聞
2	citri	x_1 は x_2 （題目）・ x_3 （言説者）・ x_4 （観点）の歴史； x_1 は歴史的
2	ranmi	x_1 は x_2 （内容）・ x_3 （価値観／文化）の神話／伝説
2	sidbo	x_1 （抽象）は x_2 （物／事）の、 x_3 （思考者）による概念／観念／アイディア／コンセプト
2	jufra	x_1 （文字列）は x_2 （題目）の、 x_3 （言語）における文
2	pinka	x_1 は x_2 （主題）・ x_3 （作者）・ x_4 （読者）のコメント／評言； x_3 は x_2 について x_1 をコメントする
2	preti	x_1 （文字列）は x_2 （題目）に関する、 x_3 （者）から x_4 （者）への質問／質疑
2	nuzba	x_1 は x_2 （題目）・ x_3 （情報源）の、 x_4 （聴衆）へのニュース／新報
2	datni	x_1 は x_2 （題目）について x_3 （方法）で得たデータ／情報／統計
2	saske	x_1 （事実群）は x_2 （題目）・ x_3 （方法論）の科学的知識
2	cmaci	x_1 は x_2 （種類／表現内容）の数学
2	logji	x_1 （原理／法則）は x_2 （命題）を演繹／結論／推察するところの論理； x_2 は論理的
2	gerna	x_1 は x_2 （言語）の x_3 （性質）に関する文法
2	munje	x_1 は x_2 （領域／分野）・ x_3 （法則・原理）の世界
2	fatci	x_1 （命題）は事実／現実
2	jetnu	x_1 （命題）は x_2 （認識体系）において真実／本当
2	jitfa	x_1 （命題）は x_2 （認識体系）において偽／虚構／非真実／うそ
2	nibli	x_1 は x_2 （事）を x_3 （法則／論理／体系）において余儀なく含意する／もたらす； x_1 によって x_2 は絶対／まちがいなく起こる
2	natfe	x_1 （命題）は x_2 （命題）と矛盾する／を否定する
2	kanxe	x_1 は x_2 （命題）・ x_3 （命題）の連言
2	vlina	x_1 は x_2 （命題）・ x_3 （命題）の論理的選言（離接）／選言的判断
2	vreji	x_1 は x_2 （情報／事実／命題）・ x_3 （題目）・ x_4 （保存媒体）の記録
5 Total	ckaji	x_1 には x_2 の性質がある
5	ckaji	x_1 には x_2 の性質がある
5	zabna	x_1 は x_2 （対象）にたいする x_3 （意識者）の好意的な見方／意味合
5	mabla	x_1 は x_2 （対象）に関する x_3 （者）による中傷／悪口
5	simlu	x_1 は x_2 （性質）であるよう x_3 （者）に x_4 （状態条件）の下で見受けられる； x_1 は x_2 らしい気が x_3 にする
5	milxe	x_1 は x_2 （性質）の点で温和／穏やか／まろやか／マイルド； x_1 はあまり x_2 ではない
5	nutli	x_1 は x_2 （尺度／状態関係）において中性／中立； x_1 を中間点として x_2 が対立する
5	mutce	x_1 は x_2 （性質）に関して、 x_3 （極性）に対して凄い； x_1 はとても x_2
5	dukse	x_1 は x_2 （性質）が x_3 （基準）において過剰
5	cimni	x_1 は x_2 （次元／性質）に関して無限
5	mulno	x_1 （事）は完了している； x_1 は x_2 （性質）に関して、 x_3 （観点）において包括的／総体的
5	drani	x_1 は x_2 （性質）に関して x_3 （状況）のとき x_4 （基準）において正しい／正確／適宜
5	prane	x_1 は x_2 （性質）に関して完全／完璧／無傷／非の打ち所が無い
5	zasni	x_1 は x_2 （性質）に関して、 x_3 （観点）にとって一時的／過渡的／可変
5	vitno	x_1 は x_2 （性質）において x_3 の観点で永続的／恒久／不滅
5	curve	x_1 は x_2 （性質）に関して純粋
5	manfo	x_1 （物／事）は x_2 （性質）の点で均一／一様／同形／相同； x_1 にはむらが無い
5	vrici	x_1 （集合／群／個）は x_2 （性質）の点で種々雑多／様々／色とりどり
5	dikni	x_1 は x_2 （性質／動作）に関して x_3 （間隔）で周期的／規則的／循環する
5	vitci	x_1 は x_2 （性質／動作／状態）に関して不定／不規則的／断続的
5	stodi	x_1 は x_2 （性質）の面で x_3 （刺激／状況）にたいして不変／一定
5	cenba	x_1 は x_2 （性質）に関して x_3 （数量／度合）ほど x_4 （環境条件）において変化／変質／変身する／変わる
5	zenba	x_1 は x_2 （性質／数量）に関して x_3 （度合）だけ増える
5	jdika	x_1 は x_2 （性質）に関して x_3 （数量）ほど減る
5	cnici	x_1 は x_2 （性質）に関して整っている／整然としている
5	porsi	x_1 （並んだ集合）は x_2 （規則／基準）に従って x_3 （不整理の集合）を序列／順番化したもの； x_1 は列／連続体
5	kalsa	x_1 は x_2 （性質）に関して混沌
5	cnano	x_1 は性質 x_2 (ka, ni) に関する、 x_3 （集合）の観点 x_4 (si'o) による標準／平均／スタンダード
5	traji	x_1 は x_2 （性質）・ x_3 （極性）・ x_4 （集合／範囲）に関して極致（最上／最下）
5	mupli	x_1 は x_2 （性質）を x_3 （集合）について表す例／標本／サンプル／件
5	rirci	x_1 は x_2 （性質）に関して、 x_3 （集合）において珍しい／稀有
5	fadni	x_1 は x_2 （性質）・ x_3 （集合）において平凡／通常／普通
5	claxu	x_1 は x_2 を欠く； x_1 は x_2 無し
5	pindi	x_1 は x_2 （性質）に関して貧乏／貧しい／貧窮している
5	ricfu	x_1 は x_2 （性質）に関して裕福／豊か
5	kandi	x_1 は x_2 （性質）に関して x_3 （観点）にとって淡い／薄い
5	carmi	x_1 は x_2 （性質）に関して x_3 （観点）で激しい／強烈／激烈／猛烈／熱烈
5	ruble	x_1 は x_2 （性質）・ x_3 （基準）において弱い／ひ弱／虚弱／微弱／華奢
5	tsali	x_1 は x_2 （性質）に関して x_3 （観点）で強い
5	ralci	x_1 は x_2 （性質）に関して繊細／精巧／デリケート； x_1 には x_2 の機微がある
5	denmi	x_1 は x_2 （性質）に関して濃厚／高密度
5	banli	x_1 は x_2 （性質）に関して x_3 （基準）で偉大／壮大／尊大
5	sampu	x_1 は x_2 （性質）に関して簡単／単純
5	pluja	x_1 は x_2 （性質）が x_3 （基準）において複雑／煩雑
5	kantu	x_1 は x_2 （性質／動作）の量子
5	cmalu	x_1 は x_2 （性質）に関して、 x_3 （照合枠）において小さい
5	barda	x_1 は x_2 （性質）に関して、 x_3 （基準）で大きい
5	cinla	x_1 は x_2 （次元／方向）・ x_3 （照合枠）において細い
5	rotsu	x_1 は x_2 （次元／方向）・ x_3 （基準）において厚い
5	jarki	x_1 は x_2 （次元）・ x_3 （基準）において狭い
5	ganra	x_1 は x_2 （次元）・ x_3 （基準）において広い／幅がある／ワイド
5	tordu	x_1 は x_2 （方向）・ x_3 （尺度）に関して短い
5	clani	x_1 は x_2 （次元／方向）・ x_3 （照合枠）において長い
5	caxno	x_1 は x_2 （方向／性質）に関して x_3 （照合枠）・ x_4 （基準）で浅い／浅はか／薄い
5	condi	x_1 は x_2 （性質／方向）に関して x_3 （照合枠）・ x_4 （標準）において深い
5	trati	x_1 は x_2 （方向）に張っている
5	tinsa	x_1 は x_2 （方向）・ x_3 （力）にたいして x_4 （条件）で固定／硬直している； x_1 は x_2 の向きに動かない
5	makcu	x_1 は x_2 （性質）に関して成熟している； x_1 は成人／おとな
5	skari	x_1 は x_2 （色相）の、 x_3 （視覚者）にたいする、 x_4 （条件）における色
5	satci	x_1 は x_2 （基準）に関して x_3 （性質／数量）の点で精確
5	suksa	x_1 （事／状態）は x_2 （時点）において x_3 （性質）に関して突然／唐突／急／いきなり
5	slilu	x_1 は x_2 （歩度）で x_3 （集合）の間を振動する／揺れ渡る
5	girzu	x_1 は x_2 （共通性質）・ x_3 （集合）・ x_4 （関係）の組／チーム
6 Total	frica	x_1 は x_2 と、 x_3 （性質）に関して違う／異なる
6	mintu	x_1 は x_2 と、 x_3 （基準）において同種
6	dunli	x_1 は x_2 と x_3 （性質）に関して同等
6	xadba	x_1 は x_2 の、 x_3 （基準）での半分
6	simsa	x_1 は x_2 に、 x_3 （性質）の点で似ている／相似的； x_1 は x_2 のよう
6	panra	x_1 は x_2 に、 x_3 （性質）の相違を伴いながら、 x_4 （基準）において対応する／並立的である
6	mapti	x_1 は x_2 にたいして x_3 （性質）の点で相応しい／和合性がある； x_1 は x_2 に適する／合う
6	sarxe	x_1 は x_2 と x_3 （性質）の点で調和／和合している／なごみ合っている
6	drata	x_1 は x_2 ではない何か、 x_3 （基準）において； x_1 は他のもの
6	frica	x_1 は x_2 と、 x_3 （性質）に関して違う／異なる
6	dukti	x_1 は x_2 の正反対、 x_3 （基準／性質）において
6	lamji	x_1 は x_2 に、 x_3 （並列特性）・ x_4 （並列方向）で隣接する／隣り合う； x_1 は x_2 の隣
6	jibni	x_1 は x_2 に、 x_3 （性質）に関して近い／近似
6	darno	x_1 は x_2 から x_3 （性質）に関して遠い
6	zmadu	x_1 は x_2 よりも、 x_3 （性質／数量）の点で、 x_4 （度合）ほど卓越している／ x_3 が x_1 には x_2 よりももっとある
6	mleca	x_1 は x_2 よりも、 x_3 （性質）に関して x_4 （数量）ほど少ない
6	lidne	x_1 は x_2 を、 x_3 （序列）において先行する／先立つ／率先する； x_2 は x_1 に続く； x_1 は前者； x_2 は後者
6	jbini	x_1 は x_2 （集合）の間に在る、 x_3 （性質）に関して； x_1 は x_2 の中間
6	jimte	x_1 は x_2 の x_3 （性質）に関する限度／限界
6	bancu	x_1 は x_2 （境界／限度）を x_3 （照合点）について x_4 （性質／数量）だけ越している／超えている
6	ralju	x_1 は x_2 （集合）・ x_3 （性質）において主要／大本
6	vipsi	x_1 は x_2 （性質）に関して x_3 （者）の副官／補佐官／部下； x_3 は x_1 の上司
6	klesi	x_1 は x_2 （上位の枠組）・ x_3 （特質）の部門／カテゴリー／クラス／組／派／種類／タイプ
6	ranxi	x_1 （事）は x_2 （予想／期待）に x_3 （性質）の点で反する／皮肉的
6	rimni	x_1 は x_2 （音声）・ x_3 （言語／音韻論）・ x_4 （性質）について韻を踏む
7 Total	cizra	x_1 は x_2 にとって x_3 （性質）に関して怪しい／おかしい／風変わり／不思議
7	mansa	x_1 は x_2 （者）を x_3 （性質）に関して満足させる； x_2 は x_1 に満足している
7	vajni	x_1 （物／事）は x_2 （人／事）にとって、 x_3 （性質／理由）に関して重要／大事
7	cfipu	x_1 （事）は x_2 （観者）にとって x_3 （性質）の点で紛らわしい／混乱をまねく
7	cizra	x_1 は x_2 にとって x_3 （性質）に関して怪しい／おかしい／風変わり／不思議
7	xajmi	x_1 は x_2 （観察者）にとって x_3 （性質）の点で滑稽／おどけている
7	fange	x_1 は x_2 にたいして x_3 （性質）の点で異質／外来／別世界的／風変わり
7	zdile	x_1 （事）は x_2 （観点）にとって x_3 （性質）についておもしろい／愉しい； x_2 は x_1 を楽しむ
7	trina	x_1 は x_2 を x_3 （性質）で誘惑する； x_1 は x_2 にとって魅力的
7	melbi	x_1 は x_2 （審美者）にとって x_3 （性質）・ x_4 （審美基準）において美しい／綺麗／麗しい／ハンサム／かわいい
7	cnino	x_1 は x_2 （者）にとって、 x_3 （性質）・ x_4 （基準）に関して新しい
7	slabu	x_1 は x_2 （者）にとって x_3 （性質）に関して懐かしい／久しい
7	cinri	x_1 （事）は x_2 の関心を惹く； x_2 は x_1 に関心がある
7	misno	x_1 （人／物／事）は x_2 （郡）の間で有名
7	makfa	x_1 は x_2 （対象）に x_3 （者）が掛ける魔法／妖術／超自然的力
7	betri	x_1 は x_2 にとって悲劇／災難／惨事
7	dicra	x_1 （事）は x_2 （物／事）を x_3 （妨害性質）によって阻止／中断／妨害する
7	zunti	x_1 （事）は x_2 （事）に、 x_3 （性質）に関して干渉する／わりこむ
7	klina	x_1 （物／媒体）は x_2 （伝わるもの）に関して明らか／透過性がある／遮られていない； x_2 は減衰も散乱もあまりせずにそのまま伝わる
7	julne	x_1 は x_2 を通し x_3 を遮る、 x_4 （特性）の網／フィルター
7	pikta	x_1 は x_2 （者）を x_3 （事）について x_4 （条件）で許容する券／切符／チケット
7	jaspu	x_1 は x_2 （者）の、 x_3 （権限）によって x_4 （行動）を認可された旅券／パスポート
7	prali	x_1 は x_2 にとっての、 x_3 （行動／過程）によって得られた利益； x_2 は x_3 によって利する； x_1 は x_2 にとっての利点／アドバンテージ
7	xamgu	x_1 は x_2 にとって、 x_3 （基準）で良い／好ましい
7	xlali	x_1 は x_2 にとって、 x_3 （基準）で悪い／粗末
7	dirba	x_1 は x_2 （者）にとって貴重／あいらしい／大切
7	kargu	x_1 （物／性質／事）は x_2 （者）・ x_3 （基準）にとって高価／高額／高級
7	savru	x_1 は x_2 （者）・ x_3 （知覚体系）にたいする騒音／ノイズ
7	smaji	x_1 は x_2 （観察点）・ x_3 （基準）において静か／閑静／沈黙
7	cladu	x_1 は x_2 （観察基点）・ x_3 （照合枠）においてうるさい／やかましい
7	titla	x_1 は x_2 にとって甘い
7	slari	x_1 は x_2 （者）にとってすっぱい
7	kurki	x_1 は x_2 （者）にたいして苦い／ビター
7	cpina	x_1 は x_2 （味覚者）にとってからい／スパイシー
7	vindu	x_1 は x_2 にとって毒／中毒性がある
7	cidja	x_1 は x_2 （摂食者）のための食べ物／食糧／餌； x_1 は x_2 に栄養価を与える； x_1 は食用
7	livla	x_1 は x_2 のための燃料
7	kukte	x_1 は x_2 にとっておいしい／美味
7	pluka	x_1 （事）は x_2 にとって、 x_3 （条件）のもと快い／心地良い
7	rigni	x_1 は x_2 （者）にとって x_3 （条件）において不快／不愉快／いまいましい／吐き気をもよおさせる； x_2 は x_1 に愛想を尽かす／嫌悪感を覚える
7	ckape	x_1 は x_2 にとって x_3 （条件）において危険； x_1 はおっかない
7	gubni	x_1 は x_2 （群／共同体）のあいだで共有されている； x_1 は公共
7	sivni	x_1 （物／事）は x_2 （者）にとって内密／私的／プライベート
7	nobli	x_1 は x_2 （基準）において高貴／高潔／気高い／上流階級／貴族／エリート
7	censa	x_1 は x_2 （者／文化／宗教／グループ）にとって神聖／冒すことができない； x_2 は x_1 を神聖視する
7	zekri	x_1 （事）は x_2 （観点）にとって犯罪
7	nabmi	x_1 （事）は x_2 が遭遇した、 x_3 （状況／課業）における問題； x_1 は x_2 に熟考を要する
7	fanza	x_1 （事）は x_2 の気に障る／をいらいらさせる； x_2 は x_1 でを苛つく； x_1 は邪魔
7	spaji	x_1 （事）は x_2 にとって驚き／思いがけない／不意
7	jenca	x_1 （事）は x_2 を驚愕／動転／気絶させる
7	funca	x_1 （事／性質）は x_2 の運； x_1 はまぐれ／めぐり合わせ
7	zasti	x_1 は x_2 （観点）・ x_3 （認識体系）において実在する
7	xanri	x_1 は x_2 （者）による想像； x_1 は架空／想像上のもの／非現実
7	snuti	x_1 （事／状態）は x_2 （観点）にとって事故／偶然
7	tcaci	x_1 は x_2 の、 x_3 （条件）における習慣／慣習／風習／慣行／習性／性癖／慣わし
7	nandu	x_1 は x_2 にとって、 x_3 （条件）のもと難しい／難関
7	frili	x_1 （事）は x_2 （者）にとって x_3 （条件）において簡単／容易； x_2 は x_1 をた易くこなす
7	cuntu	x_1 は x_2 （者）が関わる沙汰／事態／催し
7	jibri	x_1 は x_2 （者）の職／仕事； x_2 は x_1 に就職している
9 Total	sance	x_1 は x_2 が発する音； x_2 は音がする
9	jvinu	x_1 は x_2 （物／所）・ x_3 （観点）の景観／景色／光景
9	panci	x_1 は x_2 （起源）の、 x_3 （嗅覚者）によって感知される匂い／薫り
9	tengu	x_1 （性質）は x_2 の（視覚と触覚上の）質感／手ざわり／舌ざわり
9	vrusi	x_1 （性質）は x_2 が発する味； x_2 には x_1 の風味がある
9	sance	x_1 は x_2 が発する音； x_2 は音がする
9	voksa	x_1 は x_2 （本体）の声
9	zgike	x_1 は x_2 に演奏／制作される音楽
9	tonga	x_1 は x_2 （音程）・ x_3 （音源）の音／トーン
9	ctino	x_1 は x_2 （物）・ x_3 （光）の陰／影
9	cfila	x_1 （性質）は x_2 の、 x_3 （問題／厄介／危険）をもたらす欠陥／欠点／弱点／不備／短所／落度／過失
9	jinzi	x_1 （性質）は x_2 に内在する； x_2 は本質的に x_1
9	cimde	x_1 は x_2 （事物）・ x_3 （原理）の次元
9	kampu	x_1 （性質）は x_2 （集合）の間で普遍／一般的； x_1 は普通
9	steci	x_1 （性質）は x_2 （個）の x_3 （集合）における特質／個性
9	cinje	x_1 は x_2 （箇所）におけるしわ； x_2 はくしゃくしゃ
9	punli	x_1 は x_2 （箇所）における、 x_3 （素材）の突起／隆起／ふくらみ／凸
9	fenra	x_1 は x_2 の割れ目／裂け目
9	skuro	x_1 は x_2 （物／表面）における溝／窪み／うね
9	kevna	x_1 は x_2 の穴； x_2 は x_1 （箇所）において貫通している
9	kruvi	x_1 は x_2 （本体）・ x_3 （箇所）における x_4 （特性）の湾曲； x_1 は曲線； x_2 は曲がっている
9	boxna	x_1 は x_2 （媒体）・ x_3 （波形）・ x_4 （波長）・ x_5 （周波数）の波／周期的形態
9	ctaru	x_1 は x_2 （所）・ x_3 （起因）の潮
9	jgena	x_1 は x_2 （物）の（間の）結び目／もつれ／こぶ
9	canlu	x_1 は x_2 （内容）が占める空間（三次元的広がり）； x_2 は x_1 を占める
9	junta	x_1 は x_2 （物体）の、 x_3 （環境）における重量／重さ
9	farna	x_1 は x_2 （物／事）・ x_3 （照合枠）の向き／方向／方角； x_3 から観て x_2 は x_1 のほうにある
9	detri	x_1 （数）は x_2 （事）・ x_3 （所）・ x_4 （暦）の日付
9	tcika	x_1 （時／分／秒）は x_2 （事）の、 x_3 （日）・ x_4 （所）における時刻
9	judri	x_1 は x_2 の、 x_3 （体系）における住所／宛先
9	stuzi	x_1 は x_2 （物／事）の本質的／恒久的な場所／現場
9	cmene	x_1 （文字列）は x_2 の、 x_3 （者）による名称； x_3 は x_2 を x_1 と呼ぶ； x_2 は x_1 と呼ばれている
9	tcita	x_1 は x_2 の x_3 （情報）を表す札／タグ
9	smuni	x_1 は x_2 （文字列／記号／表現）の、 x_3 （者）が認識する意味／解釈； x_3 は x_2 を x_1 と解釈する
9	vamji	x_1 （数量／性質）は x_2 （物／事）の、 x_3 （観点）・ x_4 （用途／査定）における価値； x_2 は x_3 にとって x_1 の値打ちがある
9	jdima	量 x_1 は商品 x_2 の、買い手 x_3 に対して売り手 x_4 が設定した価格／値段
9	janta	x_1 は x_2 （奉仕／サービス）に関する、 x_3 （者）宛ての x_4 （者）からの請求（書）／納品書
9	cteki	x_1 は x_2 （事）に関して x_3 （者）に x_4 （権威）が掛ける税
10 Total	darxi	x_1 は x_2 （対象本体）・ x_3 （対象箇所）を x_4 で打つ／叩く
10	darxi	x_1 は x_2 （対象本体）・ x_3 （対象箇所）を x_4 で打つ／叩く
10	jgari	x_1 は x_2 （対象本体）・ x_4 （対象箇所）を x_3 （ x_1 の部分）で掴む／握る
10	pencu	x_1 は x_2 （対象本体）・ x_3 （対象箇所）を x_4 で触る
10	tikpa	x_1 は x_2 （対象本体）・ x_3 （対象箇所）を x_4 で蹴る
10	batci	x_1 は x_2 （対象本体）・ x_3 （対象箇所）を x_4 で噛む
10	lacpu	x_1 は x_2 （対象本体）・ x_3 （対象箇所）を引く／引っ張る
10	catke	x_1 は x_2 （対象本体）・ x_3 （対象箇所）を押す
10	lafti	x_1 （力）は x_2 （対象本体）・ x_3 （対象箇所）を x_4 （重力）に対して持ち上げる／拾う／すくう
10	danre	x_1 （力）は x_2 を圧する； x_1 は圧力
10	polje	x_1 （力）は x_2 （対象本体）・ x_3 （対象箇所）をシワにする／折り目をつける
10	cinba	x_1 は x_2 （対象本体）・ x_3 （対象箇所）にキス／接吻／くちづけする
10	tunta	x_1 （物）は x_2 を刺す／突く／突き刺す／つつく； x_2 は x_1 に刺される
10	sraku	x_1 （物）は x_2 を掻く
10	satre	x_1 は x_2 を x_3 でなでる／愛撫する
10	mosra	x_1 は x_2 （物）と x_3 （物）の接触による摩擦； x_2 は x_3 に擦れる
10	kavbu	x_1 は x_2 を x_3 （罠／拘束力）で捕らえる／捕獲／捕捉／逮捕する
10	plixa	x_1 （者）は x_2 を x_3 （道具）で耕す／すき込む
10	zgana	x_1 は x_2 （対象）を x_3 （方法）・ x_4 （条件）で観察／観賞／鑑賞する
10	ganse	x_1 （者）は x_2 （性質）を x_3 （手段）によって、 x_4 （環境条件）のもと感知／感得する／感じ取る； x_1 は x_2 にたいして敏感／センシティヴ
10	lanli	x_1 は x_2 を x_3 （方法）で分析／調査する
10	catlu	x_1 は x_2 を見る／見つめる／見入る
10	tadni	x_1 は x_2 を学ぶ／研究する； x_1 は学生／研究家／学者
10	viska	x_1 は x_2 を x_3 （状態条件）のもと視覚する； x_1 には x_2 が見える； x_1 には視覚能力／光学的感知能力がある
10	tirna	x_1 は x_2 （対象音声）を x_3 （環境音声）にたいして聞く； x_2 が x_1 に聞こえる； x_1 には聴覚がある； x_2 は可聴音
10	sumne	x_1 は x_2 を嗅ぐ／匂う
10	pensi	x_1 は x_2 （概念）について思慮する／考慮する／熟考する／思いを巡らす； x_2 は考え深い
10	senva	x_1 は x_2 （事）を夢見る； x_2 は夢想／幻想
10	kucli	x_1 は x_2 にたいして好奇心がある／興味を覚える； x_1 は詮索好き
10	sanji	x_1 は x_2 （物／事）について意識がある； x_1 は x_2 を意識／認識している
10	jundi	x_1 は x_2 （物／者／事）にたいして懇ろ／注意深い／配慮がある／気を使っている
10	casnu	x_1 （群）は x_2 （題目）について話し合う／検討／討議／論議／談議／談合する
10	kelci	x_1 は x_2 （道具／方法）で遊ぶ
10	kancu	x_1 は x_2 （集合）について x_3 （数量）を x_4 （単位）で数える
10	merli	x_1 （者）は x_2 （対象）・ x_3 （単位数量）を x_4 （単位規格）・ x_5 （精度）で計測する
10	kanji	x_1 は x_2 （数量／事）を x_3 （データ）から x_4 （過程／手段）によって計算する／算出する
10	karbi	x_1 （者）は x_2 と x_3 を x_4 （性質）について比較する
10	cipra	x_1 （過程／事）は x_2 （性質）を x_3 について確かめる試験／実験／テスト
10	pilno	x_1 は x_2 （道具／機械／者）を x_3 （目的）のために使う／用いる
10	sazri	x_1 は x_2 を x_3 （目的）のために操作する
10	gidva	x_1 （者／物／事）は x_2 （者）を x_3 （事）について案内する
10	jitro	x_1 は x_2 を x_3 （動作／事）に関して制御／指揮／引率する
10	dasni	x_1 は x_2 を x_3 （着用様式）で着ている／履いている／被っている／身に付けている
10	djica	x_1 は x_2 （事）を x_3 （目的）のために欲する／求める
10	nitcu	x_1 は x_2 を x_3 （目的／行動）のために要する； x_2 が x_1 には必要
10	zukte	x_1 は x_2 （行動内容）を x_3 （目的／目標）のために行為／実行する
10	finti	x_1 は x_2 を x_3 （目的／機能）のために x_4 （既存要素）から創る／発明する／著する； x_1 は創作的
10	platu	x_1 （者）は x_2 （物／事）を x_3 （事）のために計画／設計／デザインする／企てる
10	cikre	x_1 は x_2 を x_3 （使用）のために修理／修復／修繕する／直す
10	kalte	x_1 は x_2 を x_3 （目的）のために狩る； x_1 は狩猟者
10	gunta	x_1 は x_2 を x_3 （目的）のために攻撃／侵攻する
10	galfi	x_1 は x_2 を x_3 に改変する／変える
10	fendi	x_1 （者）は x_2 を x_3 （部分／個）に x_4 （方法／区分）によって分ける
10	katna	x_1 （用具／刃／力）は x_2 を切って x_3 （部分）にする
10	zalvi	x_1 （表面／道具）は x_2 を挽いて／すり潰して x_3 （粉）にする
10	marxa	x_1 （力）は x_2 を x_3 （パルプ／泥状態）に潰す
10	ganzu	x_1 は x_2 を x_3 に、 x_4 （原理）に基づいて組織／編成／整頓する
10	zbasu	x_1 は x_2 を x_3 （素材）から造る／作る／工作する
10	fanri	x_1 は x_2 を x_3 （材料）から製造する
10	nivji	x_1 （者）は x_2 （布／物）を x_3 （紡ぎ糸／繊維）で編む
10	jivbu	x_1 は x_2 を x_3 （材料）から織る
10	cnemu	x_1 （者）は x_2 （者）を x_3 （特別事項）について x_4 （報奨／謝礼／褒美）で報いる
10	sfasa	x_1 （者）は x_2 （者）を x_3 （違反／侵害）のために x_4 （罰）でこらしめる／罰する／折檻／懲戒する
10	venfu	x_1 は x_2 （者）にたいし、 x_3 （事）に関して x_4 （行動）で復讐／報復／あだ討ち／リベンジする
10	ckasu	x_1 は x_2 （者）を x_3 （事／性質）について x_4 （行為）で嘲る／笑いものにする／ばかにする／ひやかす
10	xlura	x_1 （者）は x_2 （対象）を x_3 （行為／状態）へと x_4 （作用／感化力）で影響して誘う； x_4 を持つ x_1 に x_2 は感銘する
10	tcica	x_1 （事／経験）は x_2 を欺いて／騙して x_3 （事／状態）をさせる； x_2 は x_1 に惑わされて x_3 をする
10	raktu	x_1 は x_2 （者）にとって x_3 （問題）を起こす厄介／迷惑／困難
10	dapma	x_1 は x_2 を x_3 （運命）に呪いつける
10	bandu	x_1 は x_2 （物／状態）を x_3 （危険／脅威／可能性）から保護／守護する； x_1 は x_3 にたいして防御する
10	binra	x_1 は x_2 （者）を x_3 （危険／損害）にたいして x_4 （特典）で保証／保障／補償する
10	kajde	x_1 は x_2 （者）に x_3 （危険／脅威）を警告する
10	xendo	x_1 （者）は x_2 にたいして x_3 （行為）で親切／優しい
10	spuda	x_1 は x_2 （者／物／事）に x_3 （動作／発言）で返信する
10	rinsa	x_1 は x_2 の到着／出発に際して x_3 （動作）で挨拶する
10	selfu	x_1 （者）は x_2 （者）に x_3 （行動）によって奉仕する； x_1 は x_2 の使用人
10	catra	x_1 は x_2 を x_3 （動作／方法）で殺す
10	jenmi	x_1 （群）は x_2 （群／共同体）に奉仕する、 x_3 （機動特性）の軍隊
10	mikce	x_1 は x_2 （者）を x_3 （病気／怪我）について x_4 （治療手段）で応接する医者／看護士
10	spita	x_1 は x_2 （患者）・ x_3 （病／疾患）のための病院； x_2 は x_3 のために x_1 に入院する
10	pendo	x_1 （者）は x_2 （者）の友人； x_1 は x_2 にたいして友好的
10	kusru	x_1 （者）は x_2 にたいして酷い／意地悪／不親切
10	kurji	x_1 は x_2 （物／者／事）を世話する／面倒みる
10	fenso	x_1 は x_2 （集合）を x_3 （縫い具）・ x_4 （縫い糸）で縫い合わせる
10	jukpa	x_1 は x_2 （完成品）に x_3 （方法）で料理する
10	lumci	x_1 は x_2 の汚れ x_3 を洗浄剤／用具 x_4 で洗う
10	spali	x_1 は x_2 （表面）を x_3 （剤）で x_4 （道具）で磨く
10	basna	x_1 は x_2 （対象）を x_3 で強調する
10	pandi	x_1 （者）は x_2 （表現）に x_3 （記号／言葉）を打ち、 x_4 （構文的／意味的効力）をもたらす； x_3 は句読点
10	stace	x_1 は x_2 にたいして、 x_3 （事柄）に関して正直／誠実／率直
10	tavla	x_1 （者）は x_2 （者）に x_3 （題目）について x_4 （言語）で話す／語る
10	jicla	x_1 （物／事／力）は x_2 （液体／気体）をかき混ぜる
7	jursa	x_1 （事）は x_2 （者）にたいして辛辣／厳しい／容赦ない／険しい
10	xrani	x_1 （事）は x_2 （対象）に、 x_3 （性質）に関して x_4 （損傷／ダメージ）を与える； x_1 は x_2 を傷つける／傷める／損害する
10	stika	x_1 は x_2 （性質／数量）を x_3 （程度）ほど調整する
20 Total	dunda	x_1 は x_2 を x_3 （者）に与える／贈る／授ける
20	dunda	x_1 は x_2 を x_3 （者）に与える／贈る／授ける
20	punji	x_1 は x_2 を x_3 （所）に置く／設置する
20	sabji	x_1 は x_2 （物）を x_3 （者）に供給／提供する
20	setca	x_1 （者）は x_2 を x_3 に挿入する； x_2 は x_3 に挟まれている
20	renro	x_1 は x_2 を x_3 （方向）に投げる
20	sombo	x_1 は x_2 （植物／種）を x_3 （所）に植える／蒔く
20	cirko	x_1 は x_2 （物／者）を x_3 （所）で失う； x_1 は x_2 （性質）を x_3 （状況）で失う
20	ciska	x_1 は x_2 （文字列）を x_3 （媒体）に x_4 （道具）で書く
20	jmina	x_1 は x_2 を x_3 に加え、その 結果 x_4 となる
20	lasna	x_1 （者）は x_2 を x_3 に x_4 （留め具）で留める／つなげる／くっつける／縛る
20	minra	x_1 は x_2 （物／放射）を x_3 （観察者／基点）にたいして x_4 として反映する； x_2 は x_1 に反射する； x_1 は鏡
20	lenjo	x_1 は x_2 （光／音／電波）を x_3 （焦点）に合わせるレンズ／収束器
20	bevri	x_1 は x_2 （荷）を x_3 （終点）に x_4 （始点）から x_5 （道筋）を通って運ぶ
20	benji	x_1 は x_2 を x_3 （受け手）に x_4 （起源／送信元）から x_5 （方法／媒体）によって送る／届ける
20	mrilu	x_1 は x_2 （郵便物／手紙／Eメール）を x_3 （終点）に x_4 （始点）から x_5 （ネットワーク／システム）によって送達する
20	fanva	x_1 は x_2 （文字列）を x_3 （言語）に x_4 （言語）から翻訳し、 x_5 （文字列）を生む
20	tigni	x_1 は x_2 （演技）を x_3 （者）のために演じる； x_1 は役者／俳優
20	sanga	x_1 は x_2 （音楽）を x_3 （聴衆）に歌う／詠唱する
20	cusku	x_1 （者）は x_2 （内容）を x_3 （聴衆）に x_4 （媒体）で表す／言う／表現する
20	nupre	x_1 （者）は x_2 （事）を x_3 （者）に約束する
20	friti	x_1 は x_2 （物／事）を x_3 に x_4 （条件）で進呈する／オファーする
20	stidi	x_1 は x_2 （概念／行動）を x_3 （者）に示唆／推奨／提案する； x_1 （事）は x_2 を x_3 にたいして鼓舞する
20	barja	x_1 は x_2 （品）を x_3 （客）に提供する酒場／居酒屋／バー／パブ
20	gusta	x_1 は x_2 （飲み物／食べ物）を x_3 （客）に提供する飲食店／レストラン／カフェテリア
20	vecnu	x_1 （売り手） は x_2 （品物やサービス）を x_3 （買い手）に x_4 の額／費用／出費で売る
20	dejni	x_1 （者）は x_2 （物／事）を、 x_3 （者）に x_4 （事）をしてもらった借りとして負っている； x_1 は x_3 に恩義がある
20	pleji	x_1 は x_2 （金／報酬）を x_3 （者）に x_4 （対価／商品／サービス）のために支払う
20	zivle	x_1 （者）は x_2 （資源）を x_3 （宛先）に、 x_4 （収益）を期待して投資する
20	jarco	x_1 は x_2 （性質）を x_3 （者）に見せる／表示／展示する
20	ciksi	x_1 （者）は x_2 （事／状態／性質）を x_3 （者）に x_4 （命題, du'u）で説明／弁明／解説する
20	skicu	x_1 （者）は x_2 （物／事／状態）を x_3 （者）に x_4 （表現／文字列）によって描写／叙述する
20	pante	x_1 は x_2 （事）について x_3 （者）宛てに x_4 （行動）で抗議する／異議を唱える／苦情を訴える
20	cradi	x_1 は x_2 （放送内容／信号内容）を x_3 （周波数）で x_4 （受信機）に放送／通信する放送送信所／放送局／無線局
20	tivni	x_1 は x_2 （番組／放送内容） を x_3 （媒体／チャンネル）で x_4 （受信機）にテレビ放送／映像通信する放送送信所／放送局
20	lebna	x_1 は x_2 （物／性質）を x_3 （者）から取る／得る／奪う／盗む／取り除く／没収／着服する
20	cpacu	x_1 は x_2 （対象）を x_3 （起源）から入手する
20	cerda	x_1 は x_2 （物／性質）を x_3 から、 x_4 （原則）によって継承／相続する／受け継ぐ； x_1 は継承者／相続人
20	sakci	x_1 は x_2 （低圧下のもの）を x_3 （高圧下のもの）で吸う／吸引する
20	cokcu	x_1 は x_2 （対象）を x_3 （起源）から x_4 に吸収する； x_1 は吸収性がある
20	pinxe	x_1 は x_2 （液体）を x_3 （容器／起源）から飲む
20	crepu	x_1 （者）は x_2 （対象）を x_3 （領域）から収穫する
20	jbera	x_1 （者）は x_2 （物）を x_3 （起源）から x_4 （期間）にわたって借りる
20	cuxna	x_1 は x_2 （選択肢）を x_3 （集合）から選ぶ
20	tcidu	x_1 は x_2 （文字列）を x_3 （表面／書物）から読む
20	kakpa	x_1 は x_2 を x_3 から x_4 （道具／方法）で掘り出す； x_1 は x_3 を掘る
20	guska	x_1 は x_2 を x_3 から削る／こすり落とす／すりむく； x_1 は x_2 を侵食する； x_2 は腐食する／摩滅する
20	vimcu	x_1 は x_2 を x_3 から、 x_4 だけ残して除去／控除する／差し引く
20	jinga	x_1 は x_2 （利益）を x_3 （競合相手）から x_4 （試合）において勝ち取る； x_1 は x_3 に勝利する
20	tinbe	x_1 は x_2 （命令／規則）に服従する／従う； x_1 は従順
20	cpedu	x_1 は x_2 （事）を x_3 （者）に x_4 （態度／方法）で頼む
20	mipri	x_1 は x_2 を x_3 から、 x_4 （方法）によって匿う／隠す／秘密にする
20	sisku	x_1 は x_2 （性質）を x_3 （集合）の中に探し求める／模索する
20	sarji	x_1 は x_2 を x_3 （力／抵抗）にたいして x_4 （仕組／道具／手段）によって補強する／支持する
20	canja	x_1 は x_2 （差し出す対象）を x_3 （受け取る対象）と、 x_4 と交換する； x_1 ・ x_4 は貿易業者／投機家／相場師／物々交換する者
20	rorci	x_1 は x_2 （子）を x_3 との間にもうける
20	vamtu	x_1 は x_2 を吐く／嘔吐する／もどす
20	kafke	x_1 は x_2 （気体）を x_3 （開口部）から放つ； x_1 は咳／げっぷ／おならをする
20	vikmi	x_1 は x_2 （対象）を x_3 （起源）から x_4 （経路）で廃棄／排出／排泄する
20	sputu	x_1 は x_2 を x_3 から x_4 に吐き飛ばす
20	klaku	x_1 は x_2 （涙）・ x_3 （理由）で泣く
20	cecla	x_1 は x_2 を x_3 （原動力）で発射する;
20	jakne	x_1 は x_2 （原動力）・ x_3 （乗員／荷）のロケット／シャトル
20	cupra	x_1 は x_2 （物）を x_3 （過程）によって生産／産出／製造する
20	gundi	x_1 は x_2 （生産物）・ x_3 （方法）の工業／製造業
20	bacru	x_1 は x_2 （声／音）を発する
20	cmoni	x_1 は x_2 （音声）を x_3 （意味／目的／原因）のために呻く／唸る
20	krixa	x_1 は x_2 （音）を叫ぶ
20	siclu	x_1 は x_2 （音）をさえずる
20	janbe	x_1 は x_2 （音）を奏でる鐘／鈴／ベル／チャイム
20	dirce	x_1 は x_2 を放射する
20	maksi	x_1 は x_2 （磁界）を形成する磁力／磁石
20	ferti	x_1 は x_2 の成長／発達に関して肥沃／豊穣／多産／多作
20	jerna	x_1 （者）は x_2 （収益）を x_3 （行動）から稼ぐ； x_2 は x_1 の給料／報酬
20	citka	x_1 は x_2 を食べる
20	tunlo	x_1 は x_2 を飲み込む／飲み下す
20	xaksu	x_1 （事）は x_2 （資源／材料）を費やす／使い尽くす
20	tisna	x_1 は x_2 （内容）によって膨れる； x_2 は x_1 に注がれる
20	daspo	x_1 （事）は x_2 を破壊する／破滅させる／倒す； x_1 は破壊的
20	xagji	x_1 は x_2 に飢える； x_1 は腹をすかしている／おなかがへっている； x_1 は x_2 （燃料／栄養）の補充を必要としている
20	taske	x_1 は（喉の）渇きを感じる； x_1 は渇きで x_2 を求める
20	vasxu	x_1 は x_2 （気体）を吸う／吐く
20	ralte	x_1 は x_2 を保持／維持する
30 Total	zvati	x_1 （物／事）が x_2 （事／所）に居る／在る
30	zvati	x_1 （物／事）が x_2 （事／所）に居る／在る
30	diklo	x_1 は x_2 （局所）・ x_3 （領域）について局所的／ローカル； x_1 は x_2 に局在する
30	jinru	x_1 は x_2 に漬かる／浸かる／沈む／潜る
30	nenri	x_1 は x_2 の中（にある）； x_1 は内部／内側； x_2 は x_1 を内蔵する
30	bartu	x_1 は x_2 の外／外部／外側
30	midju	x_1 は x_2 の中央／中心／中枢／真ん中
30	kruca	x_1 は x_2 と、 x_3 （箇所）で交差する； x_1 は x_2 を渡る
30	sruri	x_1 は x_2 を x_3 （方向／次元／面）に関して包囲する／取り囲む
30	kuspe	x_1 は x_2 （間隔／領域）にわたる； x_2 は x_1 の範囲／範疇
30	ranji	x_1 （事／性質）は x_2 （時間／期間）にわたって継続する／続く
30	xabju	x_1 は x_2 （所）に住む／暮らす／棲息／生息する
30	cpana	x_1 は x_2 （表面）の上に（置いて／立って）在る、 x_3 （観点）で
30	vreta	x_1 は x_2 に寄り掛かる／もたれる／横たわる
30	zutse	x_1 は x_2 （表面）に座る／着席する
30	sanli	x_1 は x_2 （所）に x_3 （脚／支え）で立つ
30	dandu	x_1 は x_2 （対象本体）・ x_3 （対象箇所）に掛かる／ぶらさがる
30	snipa	x_1 は x_2 にくっ付く／貼り付いている； x_1 は粘着性がある
30	jadni	x_1 （物）は x_2 を装飾する； x_1 は x_2 の飾り；
30	taxfu	x_1 は x_2 （身体部分／性別／種族）・ x_3 （目的／機能）の衣服／服飾
30	nilce	x_1 は x_2 （場所）に備え付く家具／調度品／備品／設置物
30	kluza	x_1 は x_2 （対象本体）・ x_3 （対象箇所）において緩い／弛んでいる
30	tagji	x_1 は x_2 （対象本体）・ x_3 （対象箇所）にたいして、かっちり／ぴったり／しっかりしている； x_1 は x_2 から外れない／離れない
30	korbi	x_1 は x_2 の、 x_3 に接する端／へり／縁／境界
30	sepli	x_1 は x_2 から x_3 （区分／壁／間）によって離れている
30	stuna	x_1 は x_2 に対して x_3 （照合枠）における東方／東側
30	stici	x_1 は x_2 に対して x_3 （照合枠）における西方／西側
30	berti	x_1 は x_2 にたいして x_3 （照合枠）で北方／北側
30	snanu	x_1 は x_2 に対して x_3 （照合枠）における南方／南側
30	crane	x_1 は x_2 （比較対象）・ x_3 （照合枠）の前方／前側
30	trixe	x_1 は x_2 に対して x_3 （照合枠）における後ろ／後方／後側／裏側／背後／リア
30	mlana	x_1 は x_2 の脇／側（がわ）（にある／いる）
30	ragve	x_1 は x_2 （境界）を x_3 （側）に対して横断する／またいでいる； x_1 は x_3 の反対側
30	pritu	x_1 は x_2 に対して x_3 （照合枠）における右方／右側
30	zunle	x_1 は x_2 に対して x_3 （照合枠）における左方／左側
30	gapru	x_1 は x_2 に対して x_3 （照合枠）における上方／上側
30	cnita	x_1 は x_2 に対して x_3 （照合枠）における下方／下側
30	cabna	x_1 は x_2 と同時； x_1 は現在／今
30	purci	x_1 は x_2 （時点）よりも以前／過去； x_1 は先人
30	balvi	x_1 は x_2 よりも未来／後発； x_1 は後者； x_2 は前者
30	litru	x_1 は x_2 （経路）を x_3 （方法）で旅する； x_1 は旅人
30	cpare	x_1 は x_2 （対象）を x_3 （方向）・ x_4 （手段）で登る
30	stapa	x_1 は x_2 を x_3 で踏む
30	cadzu	x_1 は x_2 （表面）を x_3 （肢）で歩く
30	bajra	x_1 は x_2 （表面）を x_3 （肢）・ x_4 （調子）で走る
30	sakli	x_1 は x_2 を滑る
30	gunro	x_1 は x_2 （表面）・ x_3 （回転軸）を転がる
30	carna	x_1 は x_2 （軸）・ x_3 （指向）で回る／回転／周回／旋回する
30	mluni	x_1 は x_2 を周回する、 x_3 （衛星特性）・ x_4 （軌道特性）の衛星
30	plini	x_1 は x_2 を周る、 x_3 （惑星特性）・ x_4 （軌道特性）の惑星
30	tarci	x_1 は x_2 （特性）の星／恒星
30	fulta	x_1 は x_2 （気体／液体）に浮かぶ； x_1 は浮遊物
30	limna	x_1 は x_2 （液体）中を泳ぐ／水泳する
30	dansu	x_1 は x_2 （音楽／リズム）に合わせて踊る； x_1 は x_2 にノる
30	vofli	x_1 は x_2 （原動力）で飛ぶ／飛行する
30	preja	x_1 は x_2 （拡張範囲）に x_3 （初期範囲）から広がる
30	tcena	x_1 は x_2 （範囲）にわたり x_3 （次元）において x_4 （通常の範囲）から伸びる／拡張する
30	pagre	x_1 は x_2 （対象）を x_3 （側）へ x_4 （側）から通過する／貫通する／通り抜ける
30	muvdu	x_1 （物）は x_2 （終点）に x_3 （始点）から x_4 （経路）にわたって動く； x_1 は動的
30	klama	x_1 は x_2 （終点）に x_3 （起点）から x_4 （経路）を x_5 （方法）で行く／来る
30	plipe	x_1 （者／物）は x_2 （終点）に x_3 （起点）から x_4 （高さ）ほど x_5 （動力）によって跳躍／ジャンプする
30	sfubu	x_1 は x_2 に x_3 から飛び込む／飛び降りる
30	farlu	x_1 は x_2 に x_3 から、 x_4 （照合枠／重力井戸）において落ちる／降る
30	janli	x_1 は x_2 に衝突／激突する／ぶつかる
30	jersi	x_1 は x_2 を追う／追跡する
30	carvi	x_1 は x_2 （終点）に x_3 （始点）から降る／降り注ぐ； x_1 はシャワー状
30	gusni	x_1 （エネルギー）は x_2 （対象）を x_3 （光源）に基づいて照らす； x_3 は x_2 を x_1 で照らす
30	jmaji	x_1 は x_2 （所）に x_3 （起源）から集まる／集結する
30	fatri	x_1 （物）は x_2 （受け手）に x_3 （分け前）で分配／配当される／割り当てられる
30	xruti	x_1 （者）は x_2 （対象）を x_3 に x_4 から戻す／返す； x_2 は x_3 に戻る／帰る
30	xatra	x_1 は x_2 （者）への x_3 （者）からの x_4 （内容）の手紙／Eメール
30	runta	x_1 は x_2 （溶媒）の中で分解／分散し、 x_3 （溶液）を成す、 x_4 （条件）において； x_1 はばらける
30	denpa	x_1 は x_2 （事）を x_3 （状態）ながら待つ、 x_4 （事）の開始以前／再開以前に
30	stali	x_1 は x_2 （場／性質／状態）に留まる
30	canci	x_1 は x_2 （所／視界）から消える
30	cliva	x_1 は x_2 から x_3 （経路）によって離れる／発つ／別れる／去る； x_1 は x_2 を残す
30	rinci	x_1 は x_2 （起源）から x_3 （排出口）を通って x_4 （力）によって排出される
30	jbena	x_1 は x_2 （産主）による x_3 （日時）・ x_4 （所）の生まれである； x_2 は x_1 の産みの親
30	festi	x_1 は x_2 （事／動作）の残り物／ごみ／くず
40 Total	vanbi	x_1 （個／群）は x_2 の環境／周囲／文脈／雰囲気
40	jalge	x_1 （事）は x_2 （事）の結果／結末； x_2 は x_1 に終結する
40	danfu	x_1 は x_2 （質問／問題）に対する解答／回答／返答
40	tcini	x_1 （状態／性質）は x_2 の状況／境遇／事情
40	vanbi	x_1 （個／群）は x_2 の環境／周囲／文脈／雰囲気
40	manri	x_1 は x_2 （事）を x_3 （規則）で観察／計測／審判する際の観点／標準／基準
40	cedra	x_1 は x_2 （事／物／性質／間隔）を特徴とする時代／時期／年代
40	tadji	x_1 （過程）は x_2 （事）を x_3 （状態条件）のもと遂行するための方式／方法／用法／手段／マナー
40	larcu	x_1 （創作物／創作過程）は x_2 （芸術様式／芸術流派）の実践／応用； x_1 は芸術的
40	rilti	x_1 は x_2 （形態）のリズム／律動／調子／拍子
40	ritli	x_1 は x_2 （目的）・ x_3 （慣習／共同体）・ x_4 （形態／規則）の儀式； x_1 は形式的／かしこまっている
40	jicmu	x_1 は x_2 の基礎／基盤／根本／原理
40	krinu	x_1 （事）は x_2 （事）を許容する理由
40	mukti	x_1 （事）は x_2 （事）を x_3 （者）に動機する； x_3 は x_1 に鼓舞されて x_2 をする
40	sarcu	x_1 （事）は x_2 （事）にとって x_3 （状態条件）のもと必須／欠かせない
40	banzu	x_1 は x_2 （目的）に関して x_3 （条件）において足りる／充分
40	fanta	x_1 は x_2 （事）の発生を防ぐ／抑える
40	rinka	x_1 （事）は x_2 （事）を x_3 （条件）において引き起こす
40	bapli	x_1 （性質／力）は x_2 （事）を引き起こす／もたらす
40	gasnu	x_1 （者）は x_2 （事）をする
40	vlipa	x_1 は x_2 （事）を x_3 （状態条件）のもとにもたらす力能を持つ； x_1 は x_2 に関して有力／有能
40	curmi	x_1 （者）は x_2 （事）を x_3 （条件）において許容／許可する
40	javni	x_1 は x_2 （事）を x_3 （体系）において規定する法則／規則／ルール
40	flalu	x_1 は x_2 （事）を x_3 （共同体）のために x_4 （条件）で x_5 （者）が制定した法律／条例； x_2 は合法的
40	pulji	x_1 は x_2 （法／治安）を守る警察（官）
40	jabre	x_1 は x_2 （動作）を x_3 （仕組）によって抑える制動装置／ブレーキ／歯止め
50 Total	zukte	x_1 は x_2 （行動内容）を x_3 （目的／目標）のために行為／実行する
50	fenki	x_1 （事／行為）は x_2 の観点で狂気の沙汰
50	racli	x_1 （行動）は x_2 （基準）において理性的／正気／穏健
50	juxre	x_1 （行為）はx_2（基準）において不器用／ぎこちない／不様
50	vrude	x_1 は x_2 の観点で有徳／高潔／光栄
50	palci	x_1 は x_2 （基準）において悪質／非道／堕落的
50	junri	x_1 （者）は x_2 （事）に関してまじめ／真剣／厳か／熱心／本気
50	xalbo	x_1 は x_2 （事）に関して軽率／無思慮／浮ついている／不真面目
50	darsi	x_1 （者）は x_2 （事／行為）に関して大胆に振舞う／ずぶとさをみせる／厚かましい； x_1 はあえて／思い切って x_2 をする
50	virnu	x_1 は x_2 （事）に関して x_3 （基準）で勇敢／勇ましい／雄々しい／英雄的／
50	bebna	x_1 は x_2 （性質）に関して愚か／ばかげている／思慮が無い； x_1 は阿呆／馬鹿
50	prije	x_1 は x_2 （事）に関して、 x_3 （基準）において賢い
50	clite	x_1 は x_2 （事）に際し、 x_3 （照合枠）において礼儀正しい／行儀が良い
50	troci	x_1 は x_2 （事／情態／性質）を x_3 （手段／方法）で達成／獲得しようと努める／努力する； x_1 は x_2 をやってみる
50	snada	x_1 （者）は x_2 （成果）を x_3 （努力／試み）によって達成する／成功させる
50	fliba	x_1 は x_2 （事）に失敗する； x_1 は x_2 を怠る
50	srera	x_1 は x_2 （事）に関して、 x_3 （条件）・ x_4 （基準）で誤る／間違う
50	zifre	x_1 は自由である、 x_2 （事／状態）になることにおいて、 x_3 という条件で
50	bilga	x_1 は x_2 （行為）を x_3 （協定／契約／常識）のために遂行する義務を負っている； x_1 は x_2 をしなければならない
50	bredi	x_1 は x_2 （事）に向けて準備できている／用意が整っている／覚悟している
50	rivbi	x_1 は x_2 （事）を x_3 （事）によって避ける／回避する／逃れる
50	sutra	x_1 は x_2 （動作／事）に関して速い／すばやい／敏速／俊敏
50	masno	x_1 は x_2 （事）に関して速度的に遅い／のろい／もたもたする
50	fuzme	x_1 は x_2 （事）について x_3 （断裁／権限）の責任がある
50	lazni	x_1 （者）は x_2 （動作／仕事／努力／事）に関して怠惰／怠ける； x_1 は x_2 を怠る
50	tatpi	x_1 は x_2 （事）によって疲労／疲弊している／疲れている
50	surla	x_1 は x_2 （動作）に関してくつろぐ／リラックスする
50	gunka	x_1 は x_2 （動作／行動）を x_3 （目的／目標）のために働く／労働／勤務する； x_1 は労働者
50	kakne	x_1 は x_2 （事）が x_3 （条件）においてできる； x_1 は有能
50	stati	x_1 には x_2 （事／行為）の才能／素質がある
50	certu	x_1 は x_2 （事／行為）の、 x_3 （基準）における玄人／達人／プロ／ベテラン
50	frati	x_1 は x_2 （動作／行為）によって x_3 （刺激／要因）に反応する／呼応する
50	tarti	x_1 は x_2 （事／性質）を x_3 （条件）で振舞う
50	sisti	x_1 （者）は x_2 （動作／過程／状態）をやめる／中止／終了する
50	simxu	x_1 （集合）は x_2 （事／性質）の点で相互的／共通し合っている
50	kamni	x_1 （群）は x_2 （目的／責務）・ x_3 （母体）の委員会
50	zajba	x_1 は x_2 （形態／技術）の体操をする
50	cinse	x_1 は x_2 （行為／状態）で x_3 （性質）を x_4 （基準）における性的特徴として表す／有する； x_1 は性的／セクシー
60 Total	lifri	x_1 （者／事）は x_2 （事）を経験する； x_2 に x_1 は見舞われる； x_2 は経験的／実験上／実証可能
60	lifri	x_1 （者／事）は x_2 （事）を経験する； x_2 に x_1 は見舞われる； x_2 は経験的／実験上／実証可能
60	renvi	x_1 は x_2 （事）を x_3 （時間／期間）にわたって耐え抜く／辛抱する／我慢する； x_1 は長持ちする
60	dimna	x_1 は x_2 の宿命／末路； x_2 は x_1 の運命にある
60	snura	x_1 は x_2 （事／危険）にたいして安全
60	rinju	x_1 は x_2 （抑制力）によって x_3 （事）にたいして拘束／制限されている； x_1 は x_2 のせいで x_3 ができない； x_2 は x_1 を束縛する
60	lanxe	x_1 は x_2 （量群）によってバランスがとれている／平衡／均衡状態にある
60	jdari	x_1 は x_2 （力）にたいして、 x_3 （環境／条件）のとき固い／硬い／堅い
60	ranti	x_1 は x_2 （力）にたいして x_3 （条件）のもと軟らかい
60	randa	x_1 は x_2 （力／者）にたいして x_3 （条件）のもと降伏／降参／譲歩する
60	torni	x_1 は x_2 （力／荷）によってねじれる／歪む； x_1 はねじれている／歪んでいる
60	desku	x_1 は x_2 （力）によって揺れる／震える； x_2 は x_1 を揺さぶる
60	fusra	x_1 は x_2 （原因）によって腐敗／発酵する； x_1 は腐っている／錆びている
60	jelca	x_1 は x_2 （温度）・ x_3 （気体）において燃える； x_1 には可燃性がある
60	febvi	x_1 は x_2 （温度）・ x_3 （圧力）において沸騰／蒸発する
60	runme	x_1 は x_2 （温度）と x_3 （圧力）において溶解する； x_1 は溶ける
60	dunja	x_1 は x_2 （温度）・ x_3 （圧力）で凍る； x_1 は凍っている
60	lunsa	x_1 は x_2 （結果）に、 x_3 （温度）・ x_4 （圧力）によって凝結／凝固／液化する
60	binxo	x_1 は x_2 に x_3 （条件）の下で成る／変身する
60	spoja	x_1 は爆発／破裂して x_2 （残骸）になる
60	porpi	x_1 は砕けて／壊れて x_2 （破片）になる
60	banro	x_1 は x_2 （結果）に x_3 （始原）から育つ／育成する／成長する
60	farvi	x_1 は x_2 に x_3 から x_4 （過程）を通じて発達／発展／進化する
70 Total	ckini	x_1 は x_2 と x_3 （関係性）によって繋がりがある／同系
70	ckini	x_1 は x_2 と x_3 （関係性）によって繋がりがある／同系
70	tamne	x_1 は x_2 の、 x_3 （血縁）による従兄弟／従姉妹
70	tunba	x_1 は x_2 の、 x_3 （養育関係／血縁関係／類似関係）によって結ばれている兄弟姉妹／親戚／親族
70	bruna	x_1 は x_2 の、 x_3 （血縁関係）による兄／弟
70	mensi	x_1 は x_2 と、 x_3 （血縁）によって姉妹関係にある； x_1 は x_2 の姉／妹
70	dzena	x_1 （者）は x_2 （者）・ x_3 （関係）の先祖／先人； x_1 は先駆者
70	famti	x_1 （者）は x_2 （者）・ x_3 （血縁関係）のおじ／おば
70	speni	x_1 は x_2 と結婚している／の配偶者、 x_3 （法律／規則／慣習）のもと
70	rirni	x_1 は x_2 の育ての親／保護者／保育者／養育者； x_1 は x_2 を育てる
70	patfu	x_1 は x_2 の父親
70	mamta	x_1 は x_2 の母親； x_1 は母性的
70	panzi	x_1 は x_2 （親）の生物学的子孫
70	bersa	x_1 は x_2 （親）の息子
70	tixnu	x_1 は x_2 （親）の娘
70	tarbi	x_1 は x_2 （母）・ x_3 （父）による胎芽／胎児／胚芽／接合体
70	ponse	x_1 は x_2 を x_3 （法／慣習）のもと所有する
70	jikca	x_1 は x_2 と社交／交際する； x_1 は x_2 にたいして社会的に振舞う； x_1 は社会人
70	gletu	x_1 は x_2 と性交／交尾／セックスする
70	panpi	x_1 は x_2 と平和／和平の関係にある； x_1 は平和な状態にある
70	krati	x_1 は x_2 を x_3 （事項／機能）について代表する； x_1 は x_2 の代わりを務める
70	jansu	x_1 は x_2 （政体）・ x_3 （交渉／談判）・ x_4 （役割／目的）の外交官（大使／公使／領事）
70	basti	x_1 は x_2 （対象）と、 x_3 （状況）において交替する； x_2 を x_1 が代理する
70	lacri	x_1 は x_2 に依存して x_3 （事／状態）の発生／保障／維持を求める； x_1 は x_2 を頼りに x_3 を期待する
70	minde	x_1 は x_2 （者）に x_3 （事）が起こるよう／を行うよう命令／指令／指図する
70	pikci	x_1 は x_2 （者）に x_3 （事／物）を請う／せがむ／懇願する／嘆願する
70	kansa	x_1 は x_2 に、 x_3 （事）において伴う／付き添う； x_1 と x_2 は一緒
70	sidju	x_1 は x_2 （者）を x_3 （行動／事）に関して助ける
70	vitke	x_1 は x_2 （者）・ x_3 （所／事）の客； x_1 は x_2 ・ x_3 を訪れる
70	pinfu	x_1 は x_2 （拘束者）の x_3 （収容方法）による囚人； x_1 は囚われの身
70	talsa	x_1 （人）は x_2 を x_3 （性質）について挑む； x_2 に x_3 があるかどうかを x_1 は試す
70	xarnu	x_1 は x_2 （者／事）にたいし、 x_3 （事／状態）について（意志的に）頑固／強情／片意地／不屈
70	fapro	x_1 は x_2 （者／物／力）に、 x_3 （事）について対抗する
70	jamna	x_1 （群）と x_2 （群）は x_3 （題目）に関して戦争／紛争する
70	damba	x_1 は x_2 と、 x_3 （事）に関して格闘する／戦う； x_1 は戦士／格闘家
70	jivna	x_1 は x_2 と x_3 （事）に関して x_4 （利益）を競う／競合する／試合する
70	bradi	x_1 は x_2 の、 x_3 （抗争）における敵／敵対者／対抗者／相手／試合相手
70	vasru	x_1 は x_2 を内に含む／包む； x_1 は x_2 の容器
70	kunti	x_1 は x_2 （内容）が無い； x_1 は空っぽ
70	culno	x_1 は x_2 で充溢／充満している
70	cilmo	x_1 は x_2 （液体）で湿っている／濡れている／じめじめしている； x_1 はしけている
70	sudga	x_1 は x_2 （液体）を欠いて乾燥している／乾いている
70	jinsa	x_1 は x_2 （汚れ）を x_3 （観点）において持っていない； x_1 は汚れていない／清らか
70	jatna	x_1 は x_2 （活動領域／権限範疇）における指揮者／指導者／首領／長／リーダー／キャプテン
70	turni	x_1 は x_2 （民衆／領土／物）を統治／支配する／治める； x_1 は知事／支配者／君主
70	catni	x_1 は x_2 （事項／領域／者）にたいして x_3 （基盤）による権威／権限を有する； x_1 は公務員／役人／政府高官
70	jecta	x_1 は x_2 （領域）の政体／政府
70	penmi	x_1 は x_2 に x_3 （所）で会う
70	jorne	x_1 は x_2 （対象本体）と、 x_3 （対象箇所）において結合／接続している； x_1 と x_2 は結束している
70	tarmi	x_1 （観念／性質）は x_2 の形状／形態／形式／仕様
70	sucta	x_1 （概念）は x_2 （具体的なもの）を x_3 （原理）によって抽象化／概念化／一般化したもの
70	morna	x_1 は x_2 （様式／事）が x_3 （構造）で表れているパターン／型
70	valsi	x_1 は x_2 （意味／効力）を有する、 x_3 （言語）の言葉／語彙
70	gismu	x_1 （文字列）は x_2 （意味関係）を x_3 （項）について表す、 x_4 （形態素）からなる語根
70	lujvo	x_1 （文字列）は x_2 （意味）・ x_3 （項）を有する、 x_4 （形態素）から作られた合成語・複合語
70	rafsi	x_1 （文字列）は x_2 （語）の x_3 （部位／性質）に由来する、 x_4 （言語）の形態素／語基／語幹／接辞
70	sinxa	x_1 は x_2 （意味／指示対象）の、 x_3 （者）にたいする記号／表象／象形／象徴／サイン／シンボル
70	pixra	x_1 は x_2 （主題）・ x_3 （作者）・ x_4 （媒体）の絵／画／写真／造形； x_3 は x_2 を描いて x_1 を創る
70	cartu	x_1 は x_2 に関する、 x_3 （特性）の図表／見取り図／図式／地図／ダイヤグラム／グラフ／予定表
70	lanci	x_1 は x_2 を象徴する、 x_3 （模様）・ x_4 （素材）の旗
70	mifra	x_1 は x_2 （元の文字列）が x_3 （暗号体系）によって符号化されたもの； x_1 は暗号
70	fatne	x_1 （順序）は x_2 （順序）と逆； x_1 （物）は x_2 （物）の逆さま
70	fukpi	x_1 は x_2 （対象）の、 x_3 （媒体／形態）への、 x_4 （方法）による複製／コピー／レプリカ／クローン
70	krefu	x_1 （事）は x_2 （事）の x_3 （数）度目の繰り返し／再発； x_2 は繰り返す
70	saclu	x_1 （数）は x_2 （分数）・ x_3 （底）の小数
80 Total	gleki	x_1 は x_2 （事）に関して嬉しい／幸せ／幸福／上機嫌
80	salci	x_1 は x_2 （事）を x_3 （行動）で祝う／礼拝する
80	zanru	x_1 は x_2 （物／事）を容認／承認／是認する
80	manci	x_1 は x_2 に畏敬の念を感じる／驚嘆する； x_1 は x_2 を摩訶不思議に思う
80	gleki	x_1 は x_2 （事）に関して嬉しい／幸せ／幸福／上機嫌
80	badri	x_1 は x_2 （事）について悲しい／落胆している； x_2 は x_1 を悲しませる
80	dunku	x_1 は x_2 （事）について苦悩／苦悶する
80	xanka	x_1 は x_2 （事）について緊張／心配する； x_1 は x_2 が不安
80	xalni	x_1 （者）は x_2 （事）に関して慌てる／恐慌する／狼狽する／パニック状態にある
80	terpa	x_1 は x_2 を恐れる／怖がる／に怯える； x_2 は x_1 をぎょっとさせる／脅す
80	steba	x_1 は x_2 （事）について挫折／ストレスを感じる
80	zungi	x_1 は x_2 （事）について良心の呵責／罪悪を感じる
80	xenru	x_1 は x_2 （事）を後悔する； x_1 は x_2 を残念に思う
80	kufra	x_1 は x_2 （環境性質）について快適／心地良さを感じる
80	burna	x_1 は x_2 （状況）においてどぎまぎする／緊張する／落ち着かない／きまりの悪さを感じる／当惑する
80	jgira	x_1 （者）は x_2 （事）について誇る／誇りがある； x_1 はプライドが高い
80	ckeji	x_1 は x_2 （事）について x_3 （公衆）にたいする恥ずかしさ／引け目を感じる
80	cumla	x_1 は x_2 （事）に関して謙虚／穏当／謙遜している／慎ましい／控えめ／腰が低い
80	sinma	x_1 は x_2 を尊重・尊敬する； x_2 は尊い
80	prami	x_1 は x_2 を愛する／にたいして愛情が湧く
80	nelci	x_1 は x_2 （物／事）を好む／好き／気に入っている
80	xebni	x_1 は x_2 （物／者／事）を憎む； x_1 は x_2 にたいする怨恨を抱いている； x_2 は憎らしい
80	jilra	x_1 （者）は x_2 （者）に x_3 （性質）に関して嫉妬する／妬む／そねむ； x_2 はうらやましい
80	ckire	x_1 （者）は x_2 （者）に x_3 （事／性質）を感謝する； x_2 が x_3 をしたことについて x_1 はありがたく思う； x_3 であることはありがたい
80	kecti	x_1 は x_2 を x_3 （事）について哀れむ／慈しむ／かわいそうだと思う； x_1 は慈悲的
80	fengu	x_1 は x_2 （者）にたいして x_3 （事／性質）について憤慨している／怒っている
80	fraxu	x_1 は x_2 を x_3 （事）について許す／容赦する
80	cinmo	x_1 は x_2 （感情）を x_3 について覚える； x_1 は感情的／ムードに浸っている
80	cortu	x_1 （者）は x_2 （箇所）に痛みを感じる； x_2 が痛い
200 Total	cukla	x_1 は（二次元的に）円い； x_1 は円／ディスク
200	plana	x_1 は x_2 （基準）において太っている／肥満／でぶ
200	viknu	x_1 は x_2 （条件）で粘性がある／ねばねばしている
200	kinli	x_1 は x_2 （箇所）において鋭い
200	cukla	x_1 は（二次元的に）円い； x_1 は円／ディスク
200	kurfa	x_1 は x_2 （頂角）・ x_3 （次元／面）の四角形／長方形
200	kubli	x_1 は x_2 （次元）・ x_3 （面）の立方体／多面体／多角形／多辺形／ポリゴン
200	jganu	x_1 は x_2 （頂角）・ x_3 （辺）による角度； x_1 は角張っている
200	sarlu	x_1 は x_2 （端／たん）・ x_3 （次元）の螺旋／渦巻き
200	galtu	x_1 は x_2 （照合枠）・ x_3 （基点）において高い
200	dizlo	x_1 は x_2 （照合枠）・ x_3 （基点）において低い
200	rufsu	x_1 は粗い／ざらざら／ごわごわ
200	xutla	x_1 は x_2 （性質）に関して滑らか／すべすべ／つるうるしている
200	tilju	x_1 は x_2 （基準／観点）において重い
200	linto	x_1 は x_2 （基準）において軽い／軽量
200	glare	x_1 は x_2 （基準）において熱い／暖かい／温い
200	lenku	x_1 は x_2 （基準）において冷たい／涼しい
200	sraji	x_1 は x_2 （照合枠）において縦／垂直
200	pinta	x_1 は x_2 （基準）において水平
200	salpo	x_1 は x_2 （角度）で x_3 （基準線）にたいして傾斜している／勾配がある
200	sfofa	x_1 はソファ／カウチ
200	stizu	x_1 は椅子／腰掛／ベンチ
200	senci	x_1 はくしゃみする
200	frumu	x_1 は x_2 （者／事）に対してしかめつらをする／まゆを寄せる／難色を示す； x_1 はしかめつら
200	cisma	x_1 はほほえむ／にやつく
200	cmila	x_1 は笑う／笑い声をあげる
200	mucti	x_1 は非物質的／無形／形而上的
200	dacti	x_1 は時空間内の存在／物体； x_1 は物
200	panje	x_1 はスポンジ状／多孔性
200	djacu	x_1 は水； x_1 は水溶性／含水の
200	snime	x_1 は雪／雪原
200	cakla	x_1 は x_2 （種類）のチョコレート／ココア
200	matli	x_1 はリンネル／亜麻布
200	mapni	x_1 は綿／コットン
200	rijno	x_1 は銀（Ag）
200	nikle	x_1 はニッケル（Ni）
200	tunka	x_1 は銅（Cu）
200	margu	x_1 は水銀／Hg
200	zinki	x_1 は亜鉛（Zn）
200	tinci	x_1 はスズ（Sn）
200	sliri	x_1 は硫黄（S）
200	kijno	x_1 は酸素（O）
200	trano	x_1 は窒素（N）
200	cnisa	x_1 は鉛／Pb
200	tirse	x_1 は鉄（Fe）
200	navni	x_1 は x_2 （元素）の貴ガス
200	cidro	x_1 は水素（H）
200	kliru	x_1 は x_2 （種類）のハロゲン／造塩元素（塩素／フッ素／ヨウ素／臭素）
200	solji	x_1 は金物質（Au）
200	tabno	x_1 は炭素（C）
200	sodna	x_1 は x_2 （種類）のアルカリ金属（リチウム／ナトリウム／カリウム／ルビジウム／セシウム／フランシウム）
200	ratni	x_1 は x_2 （原子番号）・ x_3 （原子量）の元素
200	prenu	x_1 は（心理学上の）人； x_1 は人格を有する
200	remna	x_1 は生物学的ヒト／ホモサピエンス
200	nanmu	x_1 は男（の人）
200	ninmu	x_1 は女（の人）
200	verba	x_1 は x_2 （年齢）の、 x_3 （観点）での子供
200	nanla	x_1 は x_2 （年齢）・ x_3 （基準）の少年／未成熟の男
200	nixli	x_1 は x_2 （年齢）・ x_3 （基準）の少女／未成熟の女
200	manku	x_1 は暗い／闇
200	pelxu	x_1 は黄色
200	blabi	x_1 は白色
200	xunre	x_1 は赤色／クリムゾン
200	zirpu	x_1 は紫色／パープル
200	narju	x_1 は橙色／オレンジ色
200	nukni	x_1 は深紅色／マゼンタ
200	crino	x_1 は緑色
200	grusi	x_1 は灰色／グレー
200	cicna	x_1 は青緑色／シアン／ターコイズ
200	bunre	x_1 は茶色／黄褐色／小麦色
200	blanu	x_1 は青色
200	xekri	x_1 は黒色
200	fasnu	x_1 は事／出来事／事件／事象／現象； x_1 は起こる／生じる／発生する
200	cfari	x_1 （事／状態）は始まる／開始する
200	bikla	x_1 はビュッと動く／パチッとする
200	vlile	x_1 （事／行為）は暴力／暴力的
200	cafne	x_1 （事）は x_2 （基準）において頻繁／しょっちゅう／頻発する／よくある
200	cunso	x_1 は x_2 （条件）において確率分布 x_3 で無原則／無作為／ランダム／でたらめ
200	lakne	x_1 （事）は x_2 （条件）でありうる／起こりうる／蓋然的
200	cumki	x_1 （事）は x_2 （条件）においてありえる／可能； x_1 は可能性
200	clira	x_1 （事）は x_2 （照合枠）において早い
200	lerci	x_1 （事）は x_2 （基準）において時期的／時刻的に遅い
200	rarna	x_1 は自然／天然／本能的／自発的
200	rutni	x_1 は人工物； x_1 は人為的
200	cilce	x_1 は野生
200	vifne	x_1 は新鮮／新品状態
200	citno	x_1 は x_2 （基準）において若い
200	lunbe	x_1 は裸／服無し
200	pruni	x_1 は弾性がある／柔らかい／伸縮可能
200	korcu	x_1 は歪んでいる／ねじれている
200	jmive	x_1 は x_2 （観点／基準）において生きている； x_1 は生物／生体／有機体
200	morsi	x_1 は死んでいる／生が無い
200	kanro	x_1 は x_2 （基準）において健康／すこやか
200	bilma	x_1 は x_2 （症状）の x_3 （病）を患っている
200	cando	x_1 は無動作／怠惰／怠けている／アイドリング状態
200	cikna	x_1 は目覚めている
200	sipna	x_1 は寝ている； x_1 は眠る
300 Total	tutci	x_1 は x_2 （目的）のための道具／用具／器具
300	spofu	x_1 は x_2 （機能）に関して故障している／使用不可能
300	macnu	x_1 （事）は x_2 （機能）に関して手動／マニュアル
300	zmiku	x_1 は x_2 （機能）に関して x_3 （条件）で自動
300	tutci	x_1 は x_2 （目的）のための道具／用具／器具
300	cabra	x_1 は x_2 （機能）・ x_3 （操縦者）の装置／デバイス
300	minji	x_1 は x_2 （機能／用途）の機械
300	pulni	x_1 は x_2 （機能／動作）の、 x_3 （軸）を回る滑車装置
300	vraga	x_1 は x_2 （機能）・ x_3 （支点／台）のてこ／レバー／バール
300	smuci	x_1 は x_2 （用途）・ x_3 （素材）のスプーン／さじ／ひしゃく
300	forca	x_1 は x_2 （目的）・ x_3 （分岐物／歯）のフォーク／くま手／またぐわ
300	vidni	x_1 は画面／映像モニター／スクリーン
300	molki	x_1 は x_2 （生産過程）に携わる製造場／製錬場／鋳造場
300	dinju	x_1 は x_2 （目的）のための建造物
300	burcu	x_1 は x_2 （用途）・ x_3 （毛状物）のブラシ／はけ／モップ／毛筆
300	skami	x_1 は x_2 （目的／機能）のコンピュータ
300	klupe	x_1 は x_2 （目的）のためのねじ／ボルト
300	tsapi	x_1 は x_2 （性質）の調味料／香辛料／薬味／味付／スパイス
300	toknu	x_1 は x_2 を焼く／熱する／乾かすためのオーブン／かまど／天火／乾燥機／炉
300	canpa	x_1 は x_2 （用途／掘る対象）のシャベル
300	mruli	x_1 は x_2 （対象）を叩くための、 x_3 （頭部）の槌／ハンマー
300	xarci	x_1 は x_2 （対象）・ x_3 （使用者）の武器／武具／兵器
300	pambe	x_1 は x_2 （内容）を x_3 に x_4 から x_5 （方法）で送るポンプ／揚水器
300	garna	x_1 は x_2 を支える／抑える、 x_3 （素材）のレール／線路／横木／手すり／軌条／バー
300	kajna	x_1 は x_2 （物）のための棚／カウンター
300	zbepi	x_1 は x_2 （対象／事象）を支える、材質／性質 x_3 の土台／基礎／スタンド／台座
300	dakfu	x_1 は x_2 （用途）・ x_3 （素材）のナイフ／包丁／刀／剣
300	jinci	x_1 は x_2 を切る（ための）ハサミ／裁断機／刈り込み機
300	pijne	x_1 は x_2 （物）を留める、 x_3 （素材／性質）の鋲／ピン杭
300	ckiku	x_1 は x_2 （錠）・ x_3 （特性）の鍵
300	stela	x_1 は x_2 を x_3 （仕組）で封じる錠／ロック
300	gacri	x_1 は x_2 の覆い／蓋／カバー； x_1 は x_2 に被さっている
300	murta	x_1 は x_2 を遮る／隠す、 x_3 （素材）のカーテン／窓掛け／ブラインド／幕／どんちょう
300	marbi	x_1 は x_2 を x_3 （危険／脅威）から護る保護施設／避難所／シェルター
300	kicne	x_1 は x_2 のための、 x_3 （素材）のクッション／座布団； x_1 は x_2 を x_3 で緩衝する
300	santa	x_1 は x_2 を x_3 から護る、 x_4 （素材）・ x_5 （支え）の傘
300	jinku	x_1 は x_2 を x_3 （病気／疾病／疾患）から x_4 （接種方法）によって護るワクチン／痘苗／血清／予防接種
300	karli	x_1 は x_2 を取り巻く、 x_3 （素材）の襟／ベルト部
300	bargu	x_1 は x_2 に掛かる／を縁取る x_3 （素材）のアーチ
300	sanso	x_1 は x_2 （用途）・ x_3 （成分）のソース／トッピング／グレイビー／糖衣
300	kacma	x_1 は x_2 （光学的対象）を x_3 （媒体）に記録するカメラ
300	pinsi	x_1 は x_2 （素材）の鉛筆／クレヨン
300	ckilu	x_1 は x_2 （性質）を測るための単位／尺度
300	penbi	x_1 は x_2 （インク）の、手順 x_3 に従って使われるペン・筆
300	jbama	x_1 は x_2 （爆薬／爆発方法）による爆弾； x_1 には爆発性がある
300	falnu	x_1 は x_2 を集めて x_3 （乗物）が航行／帆走するための帆
300	junla	x_1 は x_2 （時間単位）を x_3 （精度）・ x_4 （方法）で計測する時計／計時器具
300	jgita	x_1 は x_2 （特性）の弦楽器
300	xagri	x_1 は x_2 （簧／リード）の木管楽器／金管楽器／オーボエ／クラリネット／サクソフォーン
300	damri	x_1 は x_2 （ばち）による打楽器（太鼓／ドラムス／シンバル）
300	tabra	x_1 は金管楽器／ホルン／トランペット／トロンボーン／喇叭（ラッパ）
300	flani	x_1 は簧（した／リード）を用いない木管楽器／フルート／横笛／リコーダー
300	pipno	x_1 は鍵盤楽器（ピアノ／ハープシコード／シンセサイザー／オルガン）
400 Total	bolci	x_1 は x_2 （素材）の球体／ボール； x_1 は丸い
400	bolci	x_1 は x_2 （素材）の球体／ボール； x_1 は丸い
400	dirgo	x_1 は x_2 （物質）の雫／滴
400	tapla	x_1 は x_2 （素材）・ x_3 （形状）・ x_4 （厚さ）の瓦／タイル
400	cilta	x_1 は x_2 （素材）の糸／繊維／ワイヤー
400	skori	x_1 は x_2 （素材）の縄／コード／ケーブル／ロープ／より糸
400	cfine	x_1 は角柱／くさび形
400	boxfo	x_1 は材質 x_2 のシート状のもの；3次元空間内の、ほぼ2次元の柔軟な物体；枚
400	romge	x_1 は x_2 （金属）のクロムめっき
400	grana	x_1 は x_2 （素材）の杖／さお／ステッキ／ロッド
400	djine	x_1 は x_2 （内直径）・ x_3 （外直径）の環／輪／円； x_1 は環状／円環面状
400	dasri	x_1 は x_2 （素材）のリボン／テープ／帯
400	jesni	x_1 は x_2 （素材）の針
400	karda	x_1 は x_2 （素材）・ x_3 （形状）のカード／札
400	matci	x_1 は x_2 （素材）の敷物／マット／むしろ／ござ／たたみ
400	clupa	x_1 は回路／循環系／ループ
400	tubnu	x_1 は x_2 （素材）・ x_3 （内容）の管／筒／パイプ／シリンダー／チューブ
400	linsi	x_1 は x_2 （素材）・ x_3 （特性）の鎖／チェーン
400	senta	x_1 は x_2 （素材）・ x_3 （構造）の層／レイヤー
400	snuji	x_1 は x_2 （中身）・ x_3 （挟む物）のサンドイッチ
400	genxu	x_1 は x_2 （素材）の鉤／留め金／ホック
400	foldi	x_1 は x_2 （物質）の地帯／地域
400	slanu	x_1 は x_2 （素材）の筒／円柱
400	konju	x_1 は x_2 を頂点とする錐／円錐
400	komcu	x_1 は x_2 （素材）・ x_3 （針状物）からなる櫛／梳き具
400	kamju	x_1 は x_2 （素材）の柱／支柱
400	tanbo	x_1 は x_2 （素材）の板
400	bliku	x_1 は x_2 （素材）の立体物／塊／ブロック
400	ckana	x_1 は x_2 （素材）の、 x_3 （者／物／事）を支えるための寝台／ベッド
400	bidju	x_1 は x_2 （素材）の数珠／ビーズ
400	purmo	x_1 は x_2 （物質）の粉
400	dilnu	x_1 は x_2 （物質）・ x_3 （大気成分）・ x_4 （層）の雲
400	jetce	x_1 は x_2 （物質）・ x_3 （噴射機構）のジェット／噴出／噴射
400	flecu	x_1 は x_2 の／における、 x_3 （終点）へ x_4 （始点）からの流れ； x_2 は流れる
400	jinto	x_1 は x_2 （液体）・ x_3 （所）の井戸／（石油／天然ガスの）井／泉／鉱泉／温泉
400	jubme	x_1 は x_2 （素材）・ x_3 （脚／柱／台座）の机／テーブル／台
400	mapku	x_1 は x_2 （素材）の帽子／冠／兜／ヘルメット
400	creka	x_1 は x_2 （素材）の上着／トップス
400	gluta	x_1 は手袋／グローブ／ミトン
400	skaci	x_1 は x_2 （素材）のスカート／キルト
400	palku	x_1 は x_2 （素材）のズボン／スラックス／パンツ（女性用）
400	pastu	x_1 は（素材）のローブ／チュニック／ガウン
400	kosta	x_1 は x_2 （素材）のコート／ジャケット／マント
400	smoka	x_1 は x_2 （素材）の靴下／ストッキング／タイツ
400	cutci	x_1 は x_2 （足／ひづめ）を覆う／守るための x_3 （素材）の靴
400	jmifa	x_1 は x_2 （物質）・ x_3 （所）の岩礁／浅瀬／州／砂州
400	daplu	x_1 は x_2 （特性）の島／環礁； x_1 は島国的
400	sacki	x_1 は x_2 （素材／仕組）による発火装置
400	sigja	x_1 は x_2 （葉／物質）の巻きタバコ／葉巻／シガー
400	dinko	x_1 は x_2 （素材）・ x_3 （特性）の鋲／釘
400	jemna	x_1 は x_2 （種類）・ x_3 （原石資源／起源）の宝石
400	patxu	x_1 は x_2 （内容）・ x_3 （素材）の壷／鉢／かめ／やかん／ポット
400	palta	x_1 は x_2 （素材）の皿
400	palne	x_1 は x_2 （内容）・ x_3 （素材）の盆／トレイ
400	dakli	x_1 は x_2 （内容）・ x_3 （素材）の鞄／バッグ／リュックサック
400	tansi	x_1 は x_2 （内容）・ x_3 （素材）のたらい／水ばち／水盤／流し
400	kabri	x_1 は x_2 （内容）・ x_3 （素材）のコップ／カップ／タンブラー／マグ／茶碗／杯
400	lante	x_1 は x_2 （生鮮物）を詰めた、 x_3 （素材）の缶容器
400	baktu	x_1 は x_2 （内容）・ x_3 （素材）のバケツ／桶／槽
400	tanxe	x_1 は x_2 （内容）・ x_3 （素材）の箱／カートン
400	botpi	x_1 は x_2 （内容）・ x_3 （素材）・ x_4 （栓／蓋）の瓶／ボトル／水筒
400	lanka	x_1 は x_2 （内容）・ x_3 （素材）のかご／ざる
400	zdani	x_1 は x_2 の（ための）巣／家／ねぐら／アジト
400	ginka	x_1 は x_2 （居住者）・ x_3 （所）の野営／キャンプ／仮設住居
400	briju	x_1 は x_2 （従業員）・ x_3 （所）の職場／事務所／営業所／局
400	muzga	x_1 は x_2 を保存する（展示することもある） x_3 （所）の博物館／美術館
400	marce	x_1 は x_2 を x_3 （媒体）・ x_4 （原動力）で運ぶ輸送機関／乗物
400	bloti	x_1 は x_2 （客／荷）・ x_3 （原動力）の船／ボート
400	vinji	x_1 は x_2 （荷／乗客）・ x_3 （原動力）の飛行機／航空機／飛行船
400	carce	x_1 は x_2 （荷）を運ぶ、 x_3 （原動力）による荷車／小型運搬車／手押し車／農耕車／ショッピングカート
400	karce	x_1 は x_2 （客／荷）・ x_3 （原動力）の車
400	skiji	x_1 は x_2 （表面）を x_3 （者／荷）が滑るためのスキー板／そり／スケート
400	zarci	x_1 は x_2 （取引品）・ x_3 （営者）の店／市場
500 Total	dargu	x_1 は x_2 （終点）・ x_3 （起点）・ x_4 （経路）の道路／車道
500	temci	x_1 は x_2 （時点）から x_3 （時点）までの間隔／経過／時間
500	sirji	x_1 は x_2 ・ x_3 の間でまっすぐ／直線的／直接的
500	lindi	x_1 は x_2 （終点）・ x_3 （起点）の雷／稲妻
500	bitmu	x_1 は x_2 ・ x_3 を隔てる、 x_4 （構造体）の壁／垣／塀／フェンス
500	vorme	x_1 は x_2 ・ x_3 間の、 x_4 （構造体）の扉／戸口／出入口／門戸／ドア
500	kalri	x_1 は x_2 （経路）にたいして開いている
500	ganlo	x_1 は x_2 （経路）にたいして閉まっている
500	pluta	x_1 は x_2 （終点）・ x_3 （起点）・ x_4 （途中の点の集合）の経路／道筋
500	dargu	x_1 は x_2 （終点）・ x_3 （起点）・ x_4 （経路）の道路／車道
500	naxle	x_1 は x_2 （終点）・ x_3 （起点）・ x_4 （経路）の運河／海峡
500	cripu	x_1 は x_2 をまたぐ、 x_3 と x_4 の間の橋／渡り間
500	klaji	x_1 は x_2 （所）における、 x_3 につながる街路／通り／回廊
500	pruce	x_1 は、 x_2 （入力）・ x_3 （出力）・ x_4 （段階）の過程／プロセス
500	fancu	x_1 は x_2 （変域／定義域）・ x_3 （値域）・ x_4 （式／表現）の関数
500	tumla	x_1 は x_2 （位置）における陸／大地の広がり
500	cmana	x_1 は x_2 から突き出ている山
500	lalxu	x_1 は x_2 （所）の湖／池／水たまり
500	xamsi	x_1 は x_2 （領域／惑星）・ x_3 （液体成分）の海／海洋
500	rirxe	x_1 は x_2 （土地）の x_3 （流域）が x_4 （河口）に流れる河川
500	zbani	x_1 は x_2 （所）の沿岸／海岸／湖岸／入江／湾
500	vacri	x_1 は x_2 （領域／惑星）・ x_3 （成分）の空気／大気
500	tsani	x_1 は x_2 （所）の空／天空
500	tcima	x_1 は x_2 （所／地域）の気象／気候／天候／天気
500	kensa	x_1 は x_2 （天体／領域）の宇宙空間
500	lunra	x_1 は地球の月； x_1 は x_2 の主要衛星
500	solri	x_1 は x_2 （惑星）の太陽／恒星
500	tsina	x_1 は x_2 （所）・ x_3 （支持対象）・ x_4 （素材）の壇／ステージ
500	ckule	x_1 は x_2 （所）で x_3 （科目）を x_4 （聴衆）に教える、 x_5 （者）によって営まれている教育機関／学習施設
500	cange	x_1 は x_2 （所）・ x_3 （責任者）・ x_4 （作物）の田畑／農場／農園／養殖場／飼育場／牧場
500	xotli	x_1 は x_2 （所）・ x_3 （営業者）の旅館／ホテル／宿屋／宿泊所
500	fagri	x_1 は x_2 （燃料）・ x_3 （酸化料）による火／炎
500	dikca	x_1 は x_2 （媒体）・ x_3 （特性）の電気
500	prina	x_1 は x_2 （媒体）・ x_3 （装置）による印刷物／プリント
500	kenra	x_1 は x_2 （箇所）の癌
500	slaka	x_1 は x_2 （言語）における音節
600 Total	cmima	x_1 は x_2 （集合）の成員／メンバー； x_1 は x_2 に属する
600	cmima	x_1 は x_2 （集合）の成員／メンバー； x_1 は x_2 に属する
600	mei	x_1 は x_2 の、 x_3 （性質）におけるメガ／百万 ［1 x_1 0**6］
600	moi	x_1 は x_2 を周回する、 x_3 （衛星特性）・ x_4 （軌道特性）の衛星
600	mokca	x_1 は x_2 （時間／空間）における点； x_1 は0次元
600	sonci	x_1 は x_2 （隊）の戦士／兵士／闘士
600	lerfu	x_1 は x_2 （文字体系）において x_3 を表す字（文字／数字）
600	cmavo	x_1 （文字列）は x_2 （品詞）・ x_3 （意味／機能）・ x_4 （言語）の機能語
600	fonxa	x_1 は x_2 （システム／ネットワーク）の電話端末／モデム
600	tcana	x_1 は x_2 （交通／コミュニケーション／配給のネットワーク）の駅／局／ノード
600	xukmi	x_1 は x_2 （成分）・ x_3 （純度）の化学製品／化学物質
600	mavji	x_1 は x_2 （品種）のカラスムギ粒（オート／エンバク等）
600	cunmi	x_1 は x_2 （品種）のキビ粒
600	zumri	x_1 は x_2 （品種）のトウモロコシ粒
600	marna	x_1 は x_2 （種類）の麻／大麻／マリファナ
600	sunga	x_1 は x_2 （種類）のニンニク
600	nimre	x_1 は x_2 （種）のかんきつ類／ミカン属
600	samcu	x_1 は x_2 （種類）のキャッサバ／タロイモ／ヤムイモ
600	kobli	x_1 は x_2 （種類）の葉菜
600	xruba	x_1 は x_2 （種類）のタデ科植物（ソバ／ルバーブ）
600	bavmi	x_1 は x_2 （品種）のオオムギ粒
600	maxri	x_1 は x_2 （品種）のコムギ粒
600	tanko	x_1 は x_2 （種類）のタバコ属植物／葉
600	sobde	x_1 は x_2 （品種）のダイズ粒
600	sorgu	x_1 は x_2 （品種）のモロコシ粒
600	mraji	x_1 は x_2 （品種）のライムギ粒
600	rismi	x_1 は x_2 （品種）の米粒
600	patlu	x_1 は x_2 （種類）のジャガイモ／サトイモ
600	cindu	x_1 はブナ科（樫／オーク）
600	sluni	x_1 は x_2 （種類）のネギ属（ネギ／タマネギ／シャロット）
600	cinki	x_1 は x_2 （種類）の昆虫綱（甲虫／チョウ／ハエ／ハチ／カメムシ／バッタ／トンボ…目）
600	xanto	x_1 は x_2 （種類）のゾウ科動物
600	plise	x_1 は x_2 （種類）のリンゴ属植物
600	manti	x_1 は x_2 （種類）のアリ科
600	danlu	x_1 は x_2 （種類）の動物
600	banfi	x_1 は x_2 （種類）の両性綱／両生類動物
600	curnu	x_1 は x_2 （種類）の無脊椎動物（ミミズ／クラゲ／イカ等）
600	labno	x_1 は x_2 （種類）の狼
600	vidru	x_1 は x_2 （特性）の、 x_3 （対象）に寄生しうる病原体／ウィルス
600	xruki	x_1 は x_2 （種類）のキジ科動物（キジ／シチメンチョウ／ライチョウ）
600	tujli	x_1 は x_2 （種類）のチューリップ属植物
600	tricu	x_1 は x_2 （種類）の木／樹木／立ち木
600	tamca	x_1 は x_2 （種類）のトマト
600	tirxu	x_1 は x_2 （種類）・ x_3 （模様／柄）のトラ／ヒョウ／ジャガー
600	jukni	x_1 は x_2 （種類）のクモ属昆虫
600	since	x_1 は x_2 （種類）のヘビ亜目動物（コブラ／ボア／ニシキヘビ等）
600	lanme	x_1 は x_2 （種類）の x_3 （群れ）のヒツジ属動物
600	rozgu	x_1 は x_2 （種類）のバラ属植物
600	genja	x_1 は x_2 （植物／種類）の根／地下茎
600	respa	x_1 は x_2 （種類）の爬虫綱／爬虫類（カメ／トカゲ／ヘビ／ワニ）
600	ratcu	x_1 は x_2 （種類）のクマネズミ属
600	ractu	x_1 は x_2 （種類）のウサギ目（もく）動物
600	spati	x_1 は x_2 （種類）の植物（草木／葉／花）； x_1 は植物性
600	xarju	x_1 は x_2 （種類）のイノシシ科動物（ブタ／イノシシ等）
600	perli	x_1 は x_2 （種類）のナシ属植物
600	narge	x_1 は x_2 （種類）・ x_3 （殻）・ x_4 （核／仁）の実（み）／堅果
600	smacu	x_1 は x_2 （種類）のハツカネズミ属（マウス等）
600	clika	x_1 は x_2 （類）の、 x_3 （所）に生えるコケ； x_1 はコケで覆われている
600	smani	x_1 は x_2 （種類）の霊長目動物／サル（チンパンジー／オランウータン／ゴリラ／ヒヒ／ヒト／ボノボ等）
600	mledi	x_1 は x_2 （種類）の、 x_3 （寄生先）で育つ菌類
600	guzme	x_1 は x_2 （種類）のウリ科植物（カボチャ／メロン／ズッキーニ等）
600	mabru	x_1 は x_2 （種類）の哺乳綱動物
600	civla	x_1 は x_2 （種類）・ x_3 （寄生対象）のシラミ亜目／ノミ目
600	latna	x_1 は x_2 （種類）のハス属植物
600	cinfo	x_1 は x_2 （種類）のライオン／獅子
600	xirma	x_1 は x_2 （種類）のウマ科動物
600	gunse	x_1 は x_2 （種類）のカモ科動物（カモ／ハクチョウ／ガン等）
600	kanba	x_1 は x_2 （種類）のヤギ属動物
600	grute	x_1 は x_2 （種類）の果実／フルーツ
600	lorxu	x_1 は x_2 （種類）のキツネ属動物
600	sfani	x_1 は x_2 （種類）のハエ目（もく）昆虫
600	finpe	x_1 は x_2 （種類）の魚
600	figre	x_1 は x_2 （種類）のイチジク属植物（ビワ／イチジク／ベンジャミン等）
600	datka	x_1 は x_2 （種類）のアヒル
600	xasli	x_1 は x_2 （種類）のロバ亜属動物
600	gerku	x_1 は x_2 （種類）のイヌ科動物（オオカミ／イエイヌ／コヨーテ／ジャッカル／リカオン／タヌキ／キツネ等）
600	mirli	x_1 は x_2 （種類）のシカ科動物
600	bakni	x_1 は x_2 （種類）のウシ属動物
600	ckunu	x_1 は x_2 （種類）の、 x_3 （球果）が生るマツ属／球果植物（マツ／スギ／ヒノキ／イチイ等）
600	jalra	x_1 は x_2 （種類）のバッタ目昆虫（バッタ／キリギリス／コオロギ／ケラ／カマドウマ／カマキリ／ナナフシ／ゴキブリ／ガロアムシ／イナゴ／スズムシ等）
600	jipci	x_1 は x_2 （種類）のニワトリ
600	mlatu	x_1 は x_2 （種類）のネコ科動物（チーター／イエネコ／ヤマネコ／ヒョウ／ピューマ等）
600	kumte	x_1 は x_2 （種類）のラクダ科動物（ラクダ／ラマ／アルパカ／ビクーニャ等）
600	toldi	x_1 は x_2 （種類）のチョウ目（もく）昆虫
600	balji	x_1 は x_2 （植物種）の球根／球茎／鱗茎／
600	srasu	x_1 は x_2 （種類）の草／草原／原っぱ
600	cipni	x_1 は x_2 （種類）のトリ綱（ダチョウ／キジ／カモ／カッコウ／オウム／ツバメ／フクロウ／ハト／ツル／コウノトリ／ペリカン／フラミンゴ／ペンギン…目）
600	jbari	x_1 は x_2 （種類）の食用小果実／ベリー
600	bifce	x_1 は x_2 （種類）のハチ目昆虫
600	cribe	x_1 は x_2 （種類）のクマ科動物（パンダ／ヒグマ／ホッキョクグマ等）
600	badna	x_1 は x_2 （種類）のバショウ科植物（バナナ等）
600	jurme	x_1 は x_2 （種類）の細菌／ばい菌／バクテリア／微生物／原生動物／アメーバ
600	cifnu	x_1 は x_2 （生物種）の幼児／赤ちゃん
600	nakni	x_1 は x_2 （生物種）の、 x_3 （体現性質）に基づく男性／雄； x_1 は男性的
600	fetsi	x_1 は x_2 （生物種）の、 x_3 （体現性質）に基づく女性／雌； x_1 は女性的
600	jutsi	x_1 は x_2 （属）・ x_3 （科）の生物種
800 Total	pagbu	x_1 は x_2 （本体）の部分／部品／要素； x_2 は部分的に x_1
800	donri	x_1 は x_2 （日）・ x_3 （所）の昼間／日中； x_1 は昼行性
800	murse	x_1 は x_2 （日）・ x_3 （所）の日の出／日没／黎明
800	cerni	x_1 は x_2 （日）・ x_3 （所）の朝
800	vanci	x_1 は x_2 （日）・ x_3 （所）の夕方／夕暮れ／晩
800	nicte	x_1 は x_2 （日）の x_3 （場所）における夜
800	crisa	x_1 は x_2 （年）・（所）の夏季
800	vensa	x_1 は x_2 （年）・ x_3 （所）の春季
800	dunra	x_1 は x_2 （年）・ x_3 （所）の冬季
800	critu	x_1 は x_2 （年）・ x_3 （所）の秋季
800	citsi	x_1 は x_2 （性質／周期特性）・ x_3 （年）の季節
800	pagbu	x_1 は x_2 （本体）の部分／部品／要素； x_2 は部分的に x_1
800	spisa	x_1 は x_2 （本体）の欠片／破片／切抜き
800	panlo	x_1 は x_2 （塊）のスライス／薄切り
800	selci	x_1 は x_2 （本体）の細胞／分子／原子／最小単位
800	tcila	x_1 は x_2 の特徴／特性／特質
800	krasi	x_1 （所／事）は x_2 （物／者／事）の起源／根源／発祥地
800	fanmo	x_1 は x_2 （物／過程）の終わり
800	jendu	x_1 は x_2 （回転物）・ x_3 （素材）の軸／車軸／心棒／つむ／スピンドル／シャフト
800	xislu	x_1 は x_2 （装置／乗物）・ x_3 （特性）の車輪
800	sabnu	x_1 は x_2 （乗物）の車両
800	matra	x_1 は x_2 に出力する／を動かすモーター／エンジン／原動機／発動機
800	kumfa	x_1 は x_2 （構造）内の x_3 （壁／天井／床）で仕切られた部屋／室
800	canko	x_1 は x_2 （壁／建物／構造）の窓／門／入口／出口／玄関
800	balni	x_1 は x_2 （構造体）のバルコニー／さじき／ベランダ／張り出し
800	loldi	x_1 は x_2 の床／底面
800	drudi	x_1 は x_2 （本体）の屋根／天井／屋上／蓋
800	serti	x_1 は x_2 （構造）・ x_3 （段数）の階段
800	dacru	x_1 は x_2 （構造）・ x_3 （内容）の引き出し／たんす
800	daski	x_1 は x_2 （物）のためのポケット／ポーチ／小物入れ
800	batke	x_1 は x_2 （本体／機材）・ x_3 （用途）・ x_4 （素材）のボタン／ノブ／スイッチ／つまみ／取っ手
800	papri	x_1 は x_2 （本／書類）のページ
800	balre	x_1 は x_2 （武器／道具）の刃
800	greku	x_1 は x_2 （本体）の枠／骨組／構造／フレーム
800	calku	x_1 は x_2 を覆う、 x_3 （成分）の殻
800	jipno	x_1 は x_2 （本体）の先端／先っぽ
800	kojna	x_1 は x_2 の角／隅
800	sefta	x_1 は x_2 （もの）・ x_3 （側）・ x_4 （境）の表面
800	tcadu	x_1 は x_2 （地域）・ x_3 （政体）・ x_4 （ヒンターランド）の都市／都会／みやこ／メトロポリス
800	jarbu	x_1 は x_2 （都市）の郊外／都市近郊
800	nurma	x_1 は x_2 （地域）の田舎／農村； x_1 は田舎っぽい／牧歌的／“ダサい”
800	gadri	x_1 は x_2 （修飾対象）・ x_3 （言語）・ x_4 （意味／機能）の冠詞／標識
800	sumti	x_1 は x_2 （述語／関数）の場所 x_3 （種類／番号）を占める項
800	jimca	x_1 は x_2 （本体）の枝／肢
800	stagi	x_1 は x_2 （種類）の食用野菜
800	jgina	x_1 は x_2 （有機体）の x_3 （性質）に関わる遺伝子
800	gurni	x_1 は x_2 （種類）の穀粒／穀物
800	tsiju	x_1 は x_2 （有機体）の x_3 （子）になる種／種子／胞子／芽胞／生殖細胞
800	dembi	x_1 は x_2 （種類）のマメ科植物（ラッカセイ／ハギ／ゲンゲ／インゲンマメ／アズキ／エンドウ／アカシア／オジギソウ等）
800	barna	x_1 は x_2 に有る印／斑点
800	pilka	x_1 は x_2 を覆う皮／外面／表層
800	nazbi	x_1 は x_2 （生体）・ x_3 （鼻腔）の鼻
800	ciblu	x_1 は x_2 （生体）の血／血液
800	nirna	x_1 は x_2 （本体）の神経（神経網）／ニューロン
800	menli	x_1 は x_2 （本体）の精神／心／悟性； x_1 は心的
800	sevzi	x_1 は x_2 （者）の自己／自我／自分のイメージ
800	pruxi	x_1 は魂／霊； x_1 は霊的
800	pezli	x_1 は x_2 （植物）の葉
800	gutra	x_1 は x_2 （本体）の子宮
800	nalci	x_1 は x_2 （本体）の翼
800	vlagi	x_1 は x_2 （本体）の外陰部
800	vibna	x_1 は x_2 （本体）の膣
800	denci	x_1 は x_2 （本体）の歯
800	tance	x_1 は x_2 （本体）の舌
800	tamji	x_1 は x_2 （肢）・ x_3 （本体）の親指
800	galxe	x_1 は x_2 （本体）の喉／咽喉／食道
800	ganti	x_1 は x_2 （本体）・ x_3 （性別）の睾丸／精巣／卵巣／子房／陰嚢（いんのう）／生殖腺／性腺／雄ずい／雄しべ／雌ずい／雌しべ
800	rebla	x_1 は x_2 （本体）の尾／しっぽ
800	stani	x_1 は x_2 （植物）の茎／幹
800	janco	x_1 は x_2 （本体）の x_3 （肢）を繋ぐ肩／骨盤
800	plibu	x_1 は x_2 （本体）の陰部
800	cnebo	x_1 は x_2 （本体）の首
800	sluji	x_1 は x_2 （機能対象）・ x_3 （本体）の筋肉
800	moklu	x_1 は x_2 （本体）の口
800	fepri	x_1 は x_2 （本体）の肺／呼吸器官
800	livga	x_1 は x_2 （本体）の肝臓
800	ctebi	x_1 は x_2 （本体）の唇
800	tuple	x_1 は x_2 （本体）の脚
800	cidni	x_1 は x_2 （肢）・ x_3 （本体）の関節（膝／肘／腰／手首／足首）
800	xedja	x_1 は x_2 （本体）の顎
800	jirna	x_1 は x_2 （本体）の角／触角
800	sufti	x_1 は x_2 （本体）のひづめ
800	risna	x_1 は x_2 （本体）の心臓
800	stedu	x_1 は x_2 （本体）の頭／頭部
800	xance	x_1 は x_2 （本体）の手
800	kerfa	x_1 は x_2 （本体）・ x_3 （箇所）の毛／髪
800	canti	x_1 は x_2 （本体）の消化器官／胃腸
800	cigla	x_1 は x_2 （分泌物）・ x_3 （本体）の分泌腺； x_1 は x_2 を分泌する
800	jamfu	x_1 は x_2 （本体）の足
800	xrula	x_1 は x_2 （種類）の花
800	degji	x_1 は x_2 （本体）・ x_3 （箇所／肢）の指
800	pimlu	x_1 は x_2 （生体）の羽／羽毛
800	flira	x_1 は x_2 （本体）の顔； x_1 は表情的
800	kanla	x_1 は x_2 （本体）の目／眼／視覚器官； x_1 は視覚者
800	kerlo	x_1 は x_2 （本体）の耳／聴覚器官； x_1 は聴覚者
800	pinji	x_1 は x_2 （本体）のペニス（陰茎）／クリトリス（陰核）
800	jgalu	x_1 は x_2 （本体）の爪／蹄／かぎづめ
800	cutne	x_1 は x_2 （本体）の胸／胸腔
800	zargu	x_1 は x_2 （本体）の尻／臀部
800	mebri	x_1 は x_2 （本体）の額／おでこ
800	tatru	x_1 は x_2 （本体）の乳房／おっぱい
800	besna	x_1 は x_2 （本体）の脳
800	bongu	x_1 は x_2 （機能）・ x_3 （肉体）の骨
800	xadni	x_1 は x_2 の肉体； x_1 は身体的
800	rango	x_1 は x_2 （生体）・ x_3 （機能）の内臓
800	birka	x_1 は x_2 （本体）の腕
800	ganxo	x_1 は x_2 （本体）の肛門
800	betfu	x_1 は x_2 （本体）の腹／胴部
800	cinza	x_1 （道具／部分）は x_2 が x_3 をつまむ／はさむためのつまみ具／はさみ具
801 Total	lidja	x_1 は x_2 （性質面）に関してリビア系（言語／文化／民族／地理）
801	cevni	x_1 は x_2 （者／宗教）の、 x_3 （領域）をつかさどる神／神性／仏； x_2 は x_1 を崇拝する／崇める； x_1 は神がかり
801	crida	x_1 は x_2 （ミトス／宗教）における妖精／
801	lijda	x_1 は x_2 （信者）・ x_3 （信条／教条／教理／慣行／ドグマ）の宗教／ミュトス
801	marde	x_1 は x_2 （個人／群）の、 x_3 （事）に関する倫理／道徳（律）／モラル
801	kulnu	x_1 は x_2 （国／エトス）の文化； x_1 は文化的； x_2 は文化民族
801	bangu	x_1 は x_2 （使用者）が x_3 （概念／命題／文字列）を表すのに用いる言語； x_2 は x_1 語を話す
801	natmi	x_1 は x_2 （成員）からなる民族
801	terdi	x_1 は x_2 （生物種）の地球／主要惑星／母星
801	gugde	x_1 は x_2 （要素／成員）・ x_3 （領域）の国
801	tutra	x_1 は x_2 に属する／管轄されている領域／領土／空間
801	panka	x_1 は x_2 （共同体／政体／企業）・ x_3 （目的）の公園／敷地
801	purdi	x_1 は x_2 （家族／共同体／農耕者）・ x_3 （繁殖物／作物）の庭
801	malsi	x_1 は x_2 （宗教体系）・ x_3 （所）の寺／寺院／神社／教会／モスク／シナゴーグ
801	kagni	x_1 は x_2 （権限）・ x_3 （目的）の会社／企業
801	banxa	x_1 は x_2 （金融体系）・ x_3 （機能）の銀行
900 Total	gunma	x_1 は x_2 （要素）からなる群／団
900	gunma	x_1 は x_2 （要素）からなる群／団
900	bakfu	x_1 は x_2 （内容）を x_3 で結んだ束／パッケージ／まとまり
900	derxi	x_1 は x_2 （物質）・ x_3 （所）の堆積／やま／積み重ね
900	sorcu	x_1 は x_2 （資源／エネルギー）の、 x_3 （容器）による貯蔵／蓄積
900	stura	x_1 は x_2 （集合／体系）の構造／配置／組織
900	ciste	x_1 (lu'o) は構造 x_2 を持ち、 x_3 （構成要素の集合）からなる、性質 x_4 (ka) を示す体系／システム
900	liste	x_1 は x_2 （集合）を x_3 （序列）で x_4 （媒体）に表した目録／カタログ／リスト／一覧／名簿／ログ
900	trene	x_1 は車両 x_2 （群れ）・線路網／軌道 x_3 ・原動力 x_4 の列車／鉄道／電車／汽車／地下鉄
900	linji	x_1 は x_2 （点集合）の間の線
900	plita	x_1 は x_2 （点の集合）による二次元の面（平面）
900	cecmu	x_1 は x_2 （有機体）の共同体／社会／コミュニティ／群落／集団営巣地／植民地
900	bende	x_1 は x_2 （者達）・ x_3 （引率者）からなる、 x_4 （目的）のための仲間／チーム／乗組員／バンド／班
900	lanzu	x_1 （群）は x_2 （成員）の、 x_3 （基準）において結ばれている家族／部族
900	salta	x_1 （群）は x_2 （食材）のサラダ
900	mixre	x_1 は x_2 （成分）を混ぜ合わせたもの／調合したもの
900	sanmi	x_1 （群）は x_2 （品／コース）の食事／ごはん
900	nejni	x_1 は x_2 （種類）・ x_3 （形態）のエネルギー
900	marji	x_1 は x_2 （成分）・ x_3 （形態）の物質； x_1 は物質的／形而下
900	sligu	x_1 は x_2 （成分／物質）の x_3 （条件）における固体
900	litki	x_1 は x_2 （成分／物質）の、 x_3 （条件）における液体／流動体
900	gapci	x_1 は x_2 （成分）・ x_3 （条件）の気体／ガス
900	pesxu	x_1 は x_2 （素材）の練り物／捏ね物／のり／ペースト
900	bratu	x_1 は x_2 （成分）のひょう／あられ／みぞれ
900	bumru	x_1 は x_2 （液体成分）の霧／水蒸気／もや； x_1 は霧っぽい／もやもやしている／かすんでいる
900	pulce	x_1 は x_2 （起源）の、 x_3 （媒体／表面）における塵／沈殿物
900	kunra	x_1 は x_2 （鉱石／原鉱／原石）・ x_3 （鉱脈／鉱床／鉱坑／鉱山）の鉱物
900	ransu	x_1 は x_2 （成分）の青銅
900	lastu	x_1 は x_2 （成分）の真鍮（銅／亜鉛合金）
900	jilka	x_1 は x_2 （成分）のアルカリ
900	lanbi	x_1 は x_2 （種類）のたんぱく質／アルブミン
900	kruji	x_1 は x_2 （成分）のクリーム／乳濁液（エマルション）／プーリ
900	sodva	x_1 は x_2 （味／銘柄）の炭酸飲料／ソーダ
900	gasta	x_1 は x_2 （成分）の鋼鉄／はがね
900	rokci	x_1 は x_2 （成分）・ x_3 （産地）の岩／石
900	slasi	x_1 は x_2 （種類／成分）のプラスチック／ビニール／合成樹脂
900	bisli	x_1 は x_2 （成分）の氷／氷結物
900	blaci	x_1 は x_2 （成分）のガラス
900	jinme	x_1 は x_2 （成分）の金属
900	krili	x_1 は x_2 （成分）・ x_3 （形状）の水晶／クリスタル
900	kliti	x_1 は x_2 （成分）の粘土
900	staku	x_1 は x_2 （成分）・ x_3 （形状）のセラミックス／陶磁器
900	bukpu	x_1 は x_2 （素材／種類）の布／織物
900	xalka	x_1 は x_2 （種類）・ x_3 （起源／醸造方法）のアルコール
900	slami	x_1 は x_2 （成分）の酸； x_1 は酸性
900	nanba	x_1 は x_2 （種類／原料／穀物）のパン
900	stasu	x_1 は x_2 （食材）のスープ／シチュー／煮物
900	jduli	x_1 は x_2 （成分）のゼリー（状）／ゼラチン（状）／半固体
900	xinmo	x_1 は x_2 （色）・ x_3 （筆記用具）のインク／墨
900	fonmo	x_1 は x_2 （成分）の泡
900	cinta	x_1 は x_2 （色）・ x_3 （主成分）の塗料
500	bridi	x_1 （文字列）は x_2 （関係）を x_3 （項の集合）について表す述語関係／命題
500	tanru	x_1 は、 x_2 が x_3 を修飾し、 x_4 を意味する、使用法／例文 x_5 における複合語
910 Total	silka	x_1 は絹／シルク
910	kalci	x_1 は x_2 （生体）の糞／排泄物
910	pinca	x_1 は x_2 （生体）の尿
910	xasne	x_1 は x_2 （肉体）・ x_3 （分泌器官）から出る汗
910	sovda	x_1 は x_2 （生体）の卵／卵子／花粉／配偶子
910	danti	x_1 は x_2 （装置）で撃つ弾頭／弾丸
910	brife	x_1 は x_2 （起源）・ x_3 （速度）の風； x_1 は x_2 から吹く； x_2 は x_1 を吹く
910	sicni	x_1 は x_2 （発行源）・ x_3 （価値）・ x_4 （素材）の硬貨／コイン
910	jdini	x_1 は x_2 （発行源）のお金； x_1 は金融
910	bilni	x_1 は x_2 （体系）・ x_3 （目的）のために訓練されている編制組織
910	silka	x_1 は絹／シルク
910	ladru	x_1 は x_2 （起源）のミルク／牛乳； x_1 は乳性／酪農の
910	danmo	x_1 は x_2 （起源）の煙／スモッグ／大気汚染
910	kolme	x_1 は x_2 （起源）の石炭／泥炭／ピート／無煙炭／瀝青炭
910	dertu	x_1 は x_2 （所／起源）・ x_3 （成分）の土壌／つち
910	canre	x_1 は x_2 （起源）・ x_3 （成分）の砂／砂利
910	ckabu	x_1 は x_2 （起源）・ x_3 （成分）のゴム／ラテックス
910	jalna	x_1 は x_2 （資源）・ x_3 （成分）のデンプン
910	zbabu	x_1 は x_2 （起源）・ x_3 （成分）の石鹸
910	sakta	x_1 は x_2 （資源）・ x_3 （成分）の砂糖／果糖／ブドウ糖／乳糖
910	silna	x_1 は x_2 （資源）・ x_3 （成分）の塩
910	korka	x_1 は x_2 （木材／種類）のコルク
910	skapi	x_1 は x_2 （起源）の（特に動物性の）革／皮膚／肌
910	sunla	x_1 は x_2 （動物種／原料）のウール／羊毛
910	mudri	x_1 は x_2 （種類）の木／木材
910	rectu	x_1 は x_2 （生体）の肉
910	cirla	x_1 は x_2 （成分）のチーズ／凝乳食品
910	matne	x_1 は x_2 （原料）のバター／マーガリン／ショートニング（ラード）
910	ctile	x_1 は x_2 （起源）の石油／オイル／化石燃料
910	bakri	x_1 は x_2 （起源）・ x_3 （形状）のチョーク
910	tarla	x_1 は x_2 （起源）のタール／アスファルト
910	grasu	x_1 は x_2 （起源）の油／鉱油／灯油／油脂／獣脂／グリース／オイル
910	birje	x_1 は x_2 （起源）の発泡酒／ビール／エール
910	ckafi	x_1 は x_2 （種類）のコーヒー
910	jikru	x_1 は x_2 （原料）の蒸留から出来た酒／アルコール飲料
910	jisra	x_1 は x_2 （原料／種類）の汁／ジュース
910	vanju	x_1 は x_2 （果物成分）のワイン／葡萄酒
910	tcati	x_1 は x_2 （葉／原料）の茶／紅茶／緑茶
910	lakse	x_1 は x_2 （起源）の蝋／パラフィン
910	pelji	x_1 は x_2 （資源）の紙
980 Total	namcu	x_1 は数／量／値
500	mekso	x_1 は x_2 （原理）の数式／数学的表現
980	namcu	x_1 は数／量／値
980	sumji	x_1 は x_2 ・ x_3 の合計／総計
980	pilji	x_1 は x_2 ・ x_3 を乗算したもの； x_2 かける x_3 は x_1
980	dilcu	x_1 は x_2 （被除数）・ x_3 （除数）・ x_4 （剰余）の商
980	frinu	x_1 は x_2 （分子）・ x_3 （分母）の分数
980	parbi	x_1 は x_2 （数量／被除数）の、 x_3 （数量／除数）にたいする比／比率
980	tenfa	x_1 は x_2 （底）・ x_3 （指数／累乗）の指数関数（の結果）
980	dugri	x_1 は x_2 ・ x_3 （底）の対数
980	tanjo	x_1 は x_2 （角度／逆正接）のタンジェント／正接
980	sinso	x_1 は x_2 （逆正弦）の三角関数的正弦
990 Total	kilto	x_1 は x_2 の、 x_3 （性質）におけるキロ／千 ［1 x_1 0**3］
990	gotro	x_1 は x_2 の、 x_3 （性質）におけるヨタ／秭（じょ） ［1 x_1 0**24］
990	zetro	x_1 は x_2 の、 x_3 （性質）におけるゼタ／十垓 ［1 x_1 0**21］
990	xexso	x_1 は x_2 の、 x_3 （性質）におけるエクサ／百京 ［1 x_1 0**18］
990	petso	x_1 は x_2 の、 x_3 （性質）におけるペタ／千兆［1 x_1 0**15］
990	terto	x_1 は x_2 の、 x_3 （性質）におけるテラ／兆 ［1 x_1 0**12］
990	gigdo	x_1 は x_2 の、 x_3 （性質）におけるギガ／十億 ［1 x_1 0**9］
990	megdo	x_1 は x_2 の、 x_3 （性質）におけるメガ／百万 ［1 x_1 0**6］
990	kilto	x_1 は x_2 の、 x_3 （性質）におけるキロ／千 ［1 x_1 0**3］
990	xecto	x_1 は x_2 の、 x_3 （性質）におけるヘクト／百 ［1 x_1 0**2］
990	dekto	x_1 は x_2 ・ x_3 （性質）の［10; 1*10**1］
990	gradu	x_1 （度）は x_2 （尺度）の、 x_3 （性質）を測る単位／グレード／レベル／ポイント
990	decti	x_1 は x_2 の、 x_3 （性質）におけるデシ／十分の一 ［1 x_1 0**-1］
990	centi	x_1 は x_2 の、 x_3 （性質）におけるセンチ／百分の一 ［1 x_1 0**-2］
990	milti	x_1 は x_2 の、 x_3 （性質）におけるミリ／千分の一 ［1 x_1 0**-3］
990	mikri	x_1 は x_2 の、 x_3 （性質）におけるミクロ／百万分の一 ［1 x_1 0**-6］
990	nanvi	x_1 は x_2 の、 x_3 （性質）におけるナノ／十億分の一 ［1 x_1 0**-9］
990	picti	x_1 は x_2 の、 x_3 （性質）におけるピコ／一兆分の一 ［1 x_1 0**-12］
990	femti	x_1 は x_2 の、 x_3 （性質）におけるフェムト／千兆分の一 ［1 x_1 0**-15］
990	xatsi	x_1 は x_2 の、 x_3 （性質）におけるアト／百京分の一 ［1 x_1 0**-18］
990	zepti	x_1 は x_2 の、 x_3 （性質）におけるゼプト／十垓分の一 ［1 x_1 0**-21］
990	gocti	x_1 は x_2 の、 x_3 （性質）におけるヨクト／一秭分の一 ［1 x_1 0**-24］
999 Total	klani	x_1 は x_2 によって x_3 （尺度）について測定された量
999	klani	x_1 は x_2 によって x_3 （尺度）について測定された量
999	rapli	x_1 （動作）は x_2 （回数）にわたって繰り返す／循環／反復する
999	nanca	x_1 は x_2 （数（初期設定では1年））年間、 x_3 （基準）で継続する； x_1 は年次
999	masti	x_1 は x_2 （数）・ x_3 （暦）の月
999	jeftu	x_1 は x_2 （数）・ x_3 （基準）の週
999	djedi	x_1 は x_2 （数）・ x_3 （基準）の満日
999	cacra	x_1 の継続時間は x_2 （数）時間、 x_3 （基準）で；x_1 は x_2 （数）時間かかる
999	mentu	x_1 は x_2 （数）分の時間間隔、 x_3 （基準）において
999	snidu	x_1 は x_2 （数量）の、 x_3 （基準）における秒
999	stero	x_1 は x_2 （数）・ x_3 （基準）のステラジアン度
999	radno	x_1 は x_2 （単位）・ x_3 （基準）のラジアン／弧度
999	molro	x_1 は x_2 （数）・ x_3 （基準）のモル
999	mitre	x_1 は x_2 （数量）・ x_3 （方向）・ x_4 （基準）のメートル； x_1 は x_2 メートル
999	litce	x_1 は x_2 （数）・ x_3 （基準）のリットル量
999	grake	x_1 は x_2 （数）・ x_3 （基準）のグラム
999	kelvo	x_1 は x_2 （数）・ x_3 （基準）のケルビン度
999	delno	x_1 は x_2 （数）・ x_3 （基準）のカンデラ／光度
999	xampo	x_1 は x_2 （数）・ x_3 （基準）のアンペア
999	kramu	x_1 は x_2 （数）・ x_3 （基準）・ x_4 （下位単位）の土着的測量単位
999	gutci	x_1 は x_2 （数）の、 x_3 を下位単位とする、 x_4 （規格圏）の尺／フィート（非メートル法／土着的な距離単位のうち短いもの）
999	minli	x_1 は x_2 （数）の、 x_3 を下位単位とする、 x_4 （規格圏）の里／マイル（非メートル法／土着的な距離単位）
999	dekpu	x_1 は x_2 （数）・ x_3 （基準）・ x_4 （下位単位）のガロン度
999	bunda	x_1 は x_2 （数）・ x_3 （単位系）・ x_4 （下位単位）の非メートル法／土着の質量／貫／パウンド
999	rupnu	x_1 は x_2 （数量）の、 x_3 （通貨体系）の上位単位／円／ドル／ユーロ
999	fepni	x_1 は x_2 （数量）・ x_3 （通貨体系）の下位単位／銭／セント／コペック
1000 Total	gento	x_1 は x_2 （性質面）に関してアルゼンチン系（言語／文化／民族／地理）
1000	xurdo	x_1 は x_2 （性質面）に関してウルドゥー／インディック系（言語／文化／民族／地理）
1000	vukro	x_1 は x_2 （性質面）に関してウクライナ系（言語／文化／民族）
1000	sirxo	x_1 は x_2 （性質面）に関してシリア系（言語／文化／民族）
1000	spano	x_1 は x_2 （性質面）に関してスペイン系（言語／文化／民族）
1000	ketco	x_1 は x_2 （性質面）に関してラテンアメリカ／南アメリカ／ケチュア系（言語／文化／民族／地理）
1000	slovo	x_1 は x_2 （性質面）に関してスラブ系（言語／文化／民族）
1000	semto	x_1 は x_2 （性質面）に関してセム系（言語／文化／民族）
1000	sadjo	x_1 は x_2 （性質面）に関してサウジアラビア系（言語／文化／民族）
1000	srito	x_1 は x_2 （性質面）に関してサンスクリット／ベーダ系（言語／文化／民族）
1000	softo	x_1 は x_2 （性質面）に関してソビエト／USSR／CIS系（言語／文化／民族）
1000	rusko	x_1 は x_2 （性質面）に関してロシア系（言語／文化／民族）
1000	porto	x_1 は x_2 （性質面）に関してポルトガル系（言語／文化／民族）
1000	polno	x_1 は x_2 （性質面）に関してポリネシア／オセアニア系（言語／文化／民族）
1000	filso	x_1 は x_2 （性質面）に関してパレスチナ系（言語／文化／民族／地理）
1000	kisto	x_1 は x_2 （性質面）に関してパキスタン／パシュトー系（言語／文化／民族／地理）
1000	bemro	x_1 は x_2 （性質面）に関して北アメリカ系（言語／文化／民族／地理）
1000	morko	x_1 は x_2 （性質面）に関してモロッコ系（言語／文化／民族／地理）
1000	mexno	x_1 は x_2 （性質面）に関してメキシコ系（言語／文化／民族／地理）
1000	meljo	x_1 は x_2 （性質面）に関してマレーシア／マレー系（言語／文化／民族／地理）
1000	baxso	x_1 は x_2 （性質面）に関してマレー・インドネシア系（言語／文化／民族／地理）
1000	libjo	x_1 は x_2 （性質面）に関してリビア系（言語／文化／民族／地理）
1000	lubno	x_1 は x_2 （性質面）に関してレバノン系（言語／文化／民族／地理）
1000	latmo	x_1 は x_2 （性質）に関してラテン／ローマ／ロマンス的
1000	jordo	x_1 は x_2 （性質面）に関してヨルダン系（言語／文化／民族／地理）
1000	ponjo	x_1 は x_2 （性質面）に関して日本／ジャポニカ系（言語／文化／民族）
1000	rakso	x_1 は x_2 （性質面）に関してイラク系（言語／文化／民族）
1000	bindo	x_1 は x_2 （性質面）に関してインドネシア系（言語／文化／民族／地理）
1000	xispo	x_1 は x_2 （性質面）に関してラテンアメリカ／ヒスパニック系（言語／文化／民族）
1000	xindo	x_1 は x_2 （性質面）に関してヒンディー／ヒンドゥー系（言語／文化／民族）
1000	xebro	x_1 は x_2 （性質面）に関してヘブライ／ユダヤ／イスラエル系（言語／文化／民族）
1000	xelso	x_1 は x_2 （性質面）に関してギリシャ／ヘレン系（言語／文化／民族）
1000	dotco	x_1 は x_2 （性質面）に関してドイツ／ゲルマン系（言語／文化／民族／地理）
1000	skoto	x_1 は x_2 （性質面）に関してスコットランド／ゲール系（言語／文化／民族）
1000	fraso	x_1 は x_2 （性質面）に関してフランス／ガリア／ゴール系（言語／文化／民族／地理）
1000	ropno	x_1 は x_2 （性質面）に関してヨーロッパ系（言語／文化／民族／地理）
1000	misro	x_1 は x_2 （性質面）に関してエジプト系（言語／文化／民族／地理）
1000	jungo	x_1 は x_2 （性質面）に関して中国系（言語／文化／民族／地理）
1000	kadno	x_1 は x_2 （性質面）に関してカナダ系（言語／文化／民族／地理）
1000	brito	x_1 は x_2 （性質面）に関して英国／イギリス系（言語／文化／民族／地理）
1000	brazo	x_1 は x_2 （性質面）に関してブラジル系（言語／文化／民族／地理）
1000	bengo	x_1 は x_2 （性質面）に関してベンガル／バングラデシュ系（言語／文化／民族／地理）
1000	sralo	x_1 は x_2 （性質面）に関してオーストラリア系（言語／文化／民族／地理）
1000	xazdo	x_1 は x_2 （性質面）に関してアジア系（言語／文化／民族／地理）
1000	gento	x_1 は x_2 （性質面）に関してアルゼンチン系（言語／文化／民族／地理）
1000	xrabo	x_1 は x_2 （性質面）に関してアラビア系（言語／文化／民族／地理）
1000	dzipo	x_1 は x_2 （性質面）に関して南極系
1000	jerxo	x_1 は x_2 （性質面）に関してアルジェリア系（言語／文化／民族／地理）
1000	friko	x_1 は x_2 （性質面）に関してアフリカ系（言語／文化／民族／地理）
1000	lojbo	x_1 は x_2 （性質面）に関してロジバン系
1000	glico	x_1 は x_2 （性質面）に関して英語系（言語／文化／民族／地理）
1000	merko	x_1 は x_2 （性質面）に関してアメリカ合衆国／USA系（言語／文化／民族／地理）
1000	dadjo	x_1 は x_2 （性質面）に関して道教／タオイズム系
1000	muslo	x_1 は x_2 （性質面）に関してイスラム教系
1000	jegvo	x_1 は x_2 （性質面）に関してアブラハム宗教系（ユダヤ教／キリスト教／イスラム教）
1000	xriso	x_1 は x_2 （性質面）に関してキリスト教系
1000	budjo	x_1 は x_2 （性質面）に関して仏教系